/**
 * TDV2200 terminal bitmap font.
 * Contains 1018 glyphs across 4+ character sets (8x16 pixels, 14 rows rendered).
 *
 * Character Sets:
 * - Set 0,1 (Main): Standard alphanumeric (offset 0)
 * - Set 2 (Greek/Math, ESC A): offset 128
 * - Set 3 (Sub/Superscripts, ESC 0): offset 256
 * - Set 4 (Control codes): offset 384
 *
 * Port of RetroTerm.Core.Fonts.FontTDV2200 (C#).
 */

import { FontBase } from './FontBase';

// ISO 646 variant redirect maps: ASCII position → glyph position in GLYPHS (ROM positions 0-31)
// Norwegian variant (fontNum 5): all 10 positions found in ROM
const NORWEGIAN_REDIRECT: Record<number, number> = {
  0x40: 1, 0x5B: 5, 0x5C: 6, 0x5D: 2, 0x5E: 4,
  0x60: 17, 0x7B: 16, 0x7C: 29, 0x7D: 22, 0x7E: 10,
};
// Swedish variant (fontNum 6): all 10 positions found in ROM
const SWEDISH_REDIRECT: Record<number, number> = {
  0x40: 3, 0x5B: 1, 0x5C: 8, 0x5D: 2, 0x5E: 4,
  0x60: 25, 0x7B: 17, 0x7C: 28, 0x7D: 22, 0x7E: 10,
};
// German variant (fontNum 7): 8 found in ROM + 2 hand-designed (§=512, ß=513)
// 0x5E (^) and 0x60 (`) are same as International — no redirect needed
const GERMAN_REDIRECT: Record<number, number> = {
  0x40: 512, 0x5B: 1, 0x5C: 8, 0x5D: 4,
  0x7B: 17, 0x7C: 28, 0x7D: 10, 0x7E: 513,
};

// prettier-ignore
const GLYPHS = new Uint16Array([
  0x0000, 0x0000, 0x0000, 0x0000, 0x0000, 0x0000, 0x0000, 0x0000, 0x0000, 0x0000, 0x0000, 0x0000, 0x0000, 0x0000, 0x0000, 0x0000,
  0x0000, 0x0044, 0x0000, 0x0038, 0x0044, 0x0082, 0x00FE, 0x0082, 0x0082, 0x0082, 0x0000, 0x0000, 0x0000, 0x0000, 0x0000, 0x0000,
  0x0010, 0x0028, 0x0010, 0x0038, 0x0044, 0x0082, 0x00FE, 0x0082, 0x0082, 0x0082, 0x0000, 0x0000, 0x0000, 0x0000, 0x0000, 0x0000,
  0x0018, 0x0010, 0x0020, 0x00F8, 0x0080, 0x0080, 0x00F8, 0x0080, 0x0080, 0x00F8, 0x0000, 0x0000, 0x0000, 0x0000, 0x0000, 0x0000,
  0x0000, 0x0044, 0x0000, 0x0082, 0x0082, 0x0082, 0x0082, 0x0082, 0x0082, 0x007C, 0x0000, 0x0000, 0x0000, 0x0000, 0x0000, 0x0000,
  0x0000, 0x007E, 0x0090, 0x0090, 0x0090, 0x00FE, 0x0090, 0x0090, 0x0090, 0x009E, 0x0000, 0x0000, 0x0000, 0x0000, 0x0000, 0x0000,
  0x0000, 0x007C, 0x0082, 0x0086, 0x008A, 0x0092, 0x00A2, 0x00C2, 0x0082, 0x007C, 0x0000, 0x0000, 0x0000, 0x0000, 0x0000, 0x0000,
  0x0000, 0x006E, 0x0090, 0x0090, 0x0090, 0x009E, 0x0090, 0x0090, 0x0090, 0x006E, 0x0000, 0x0000, 0x0000, 0x0000, 0x0000, 0x0000,
  0x0000, 0x0048, 0x0000, 0x0000, 0x0078, 0x0084, 0x0084, 0x0084, 0x0084, 0x0078, 0x0000, 0x0000, 0x0000, 0x0000, 0x0000, 0x0000,
  0x0000, 0x003C, 0x0042, 0x0080, 0x0080, 0x0080, 0x0080, 0x0080, 0x0042, 0x003C, 0x0010, 0x0008, 0x0004, 0x0018, 0x0000, 0x0000,
  0x0000, 0x0048, 0x0000, 0x0000, 0x0084, 0x0084, 0x0084, 0x0084, 0x008C, 0x0074, 0x0000, 0x0000, 0x0000, 0x0000, 0x0000, 0x0000,
  0x00C0, 0x0040, 0x0020, 0x0000, 0x0084, 0x0084, 0x0084, 0x0084, 0x008C, 0x0074, 0x0000, 0x0000, 0x0000, 0x0000, 0x0000, 0x0000,
  0x0000, 0x0000, 0x0000, 0x0000, 0x0070, 0x0088, 0x0080, 0x0080, 0x0088, 0x0070, 0x0020, 0x0010, 0x0008, 0x0030, 0x0000, 0x0000,
  0x0000, 0x0000, 0x0078, 0x0084, 0x0084, 0x0098, 0x0084, 0x0084, 0x0084, 0x00B8, 0x0080, 0x0080, 0x0080, 0x0000, 0x0000, 0x0000,
  0x0000, 0x0000, 0x0042, 0x0000, 0x00C6, 0x0042, 0x0042, 0x0042, 0x0042, 0x00E2, 0x0002, 0x0012, 0x000C, 0x0000, 0x0000, 0x0000,
  0x0062, 0x0092, 0x008C, 0x0000, 0x00B8, 0x00C4, 0x0084, 0x0084, 0x0084, 0x0084, 0x0000, 0x0000, 0x0000, 0x0000, 0x0000, 0x0000,
  0x0000, 0x0000, 0x0000, 0x0000, 0x00EC, 0x0012, 0x007E, 0x0090, 0x0092, 0x006C, 0x0000, 0x0000, 0x0000, 0x0000, 0x0000, 0x0000,
  0x0000, 0x0044, 0x0000, 0x0000, 0x0078, 0x0004, 0x007C, 0x0084, 0x0084, 0x007A, 0x0000, 0x0000, 0x0000, 0x0000, 0x0000, 0x0000,
  0x00C0, 0x0040, 0x0020, 0x0000, 0x0078, 0x0004, 0x007C, 0x0084, 0x0084, 0x007A, 0x0000, 0x0000, 0x0000, 0x0000, 0x0000, 0x0000,
  0x000C, 0x0008, 0x0010, 0x0000, 0x0078, 0x0004, 0x007C, 0x0084, 0x0084, 0x007A, 0x0000, 0x0000, 0x0000, 0x0000, 0x0000, 0x0000,
  0x0020, 0x0050, 0x0088, 0x0000, 0x0078, 0x0004, 0x007C, 0x0084, 0x0084, 0x007A, 0x0000, 0x0000, 0x0000, 0x0000, 0x0000, 0x0000,
  0x0062, 0x0092, 0x008C, 0x0000, 0x0078, 0x0004, 0x007C, 0x0084, 0x0084, 0x007A, 0x0000, 0x0000, 0x0000, 0x0000, 0x0000, 0x0000,
  0x0030, 0x0048, 0x0030, 0x0000, 0x0078, 0x0004, 0x007C, 0x0084, 0x0084, 0x007A, 0x0000, 0x0000, 0x0000, 0x0000, 0x0000, 0x0000,
  0x0000, 0x0048, 0x0000, 0x0000, 0x0078, 0x0084, 0x00FC, 0x0080, 0x0080, 0x0078, 0x0000, 0x0000, 0x0000, 0x0000, 0x0000, 0x0000,
  0x00C0, 0x0040, 0x0020, 0x0000, 0x0078, 0x0084, 0x00FC, 0x0080, 0x0080, 0x0078, 0x0000, 0x0000, 0x0000, 0x0000, 0x0000, 0x0000,
  0x000C, 0x0008, 0x0010, 0x0000, 0x0078, 0x0084, 0x00FC, 0x0080, 0x0080, 0x0078, 0x0000, 0x0000, 0x0000, 0x0000, 0x0000, 0x0000,
  0x0020, 0x0050, 0x0088, 0x0000, 0x0078, 0x0084, 0x00FC, 0x0080, 0x0080, 0x0078, 0x0000, 0x0000, 0x0000, 0x0000, 0x0000, 0x0000,
  0x0000, 0x0048, 0x0000, 0x0000, 0x0030, 0x0010, 0x0010, 0x0010, 0x0010, 0x0038, 0x0000, 0x0000, 0x0000, 0x0000, 0x0000, 0x0000,
  0x0000, 0x0048, 0x0000, 0x0000, 0x0078, 0x0084, 0x0084, 0x0084, 0x0084, 0x0078, 0x0000, 0x0000, 0x0000, 0x0000, 0x0000, 0x0000,
  0x0000, 0x0000, 0x0000, 0x0000, 0x0034, 0x0048, 0x0094, 0x00A4, 0x0048, 0x00B0, 0x0000, 0x0000, 0x0000, 0x0000, 0x0000, 0x0000,
  0x0000, 0x0000, 0x0000, 0x0000, 0x006C, 0x0092, 0x009E, 0x0090, 0x0092, 0x006C, 0x0000, 0x0000, 0x0000, 0x0000, 0x0000, 0x0000,
  0x0020, 0x0050, 0x0088, 0x0000, 0x0070, 0x0088, 0x0088, 0x0088, 0x0088, 0x0070, 0x0000, 0x0000, 0x0000, 0x0000, 0x0000, 0x0000,
  0x0000, 0x0000, 0x0000, 0x0000, 0x0000, 0x0000, 0x0000, 0x0000, 0x0000, 0x0000, 0x0000, 0x0000, 0x0000, 0x0000, 0x0000, 0x0000,
  0x0000, 0x0010, 0x0010, 0x0010, 0x0010, 0x0010, 0x0000, 0x0000, 0x0010, 0x0010, 0x0000, 0x0000, 0x0000, 0x0000, 0x0000, 0x0000,
  0x0000, 0x0048, 0x0048, 0x0048, 0x0000, 0x0000, 0x0000, 0x0000, 0x0000, 0x0000, 0x0000, 0x0000, 0x0000, 0x0000, 0x0000, 0x0000,
  0x0000, 0x0028, 0x0028, 0x0028, 0x00FE, 0x0028, 0x00FE, 0x0028, 0x0028, 0x0028, 0x0000, 0x0000, 0x0000, 0x0000, 0x0000, 0x0000,
  0x0000, 0x0010, 0x007E, 0x0090, 0x0090, 0x007C, 0x0012, 0x0012, 0x00FC, 0x0010, 0x0000, 0x0000, 0x0000, 0x0000, 0x0000, 0x0000,
  0x0000, 0x0040, 0x00A2, 0x0044, 0x0008, 0x0010, 0x0020, 0x0044, 0x008A, 0x0004, 0x0000, 0x0000, 0x0000, 0x0000, 0x0000, 0x0000,
  0x0000, 0x0070, 0x0088, 0x0088, 0x0050, 0x0020, 0x0052, 0x008C, 0x008C, 0x0072, 0x0000, 0x0000, 0x0000, 0x0000, 0x0000, 0x0000,
  0x0000, 0x0018, 0x0018, 0x0010, 0x0020, 0x0000, 0x0000, 0x0000, 0x0000, 0x0000, 0x0000, 0x0000, 0x0000, 0x0000, 0x0000, 0x0000,
  0x0000, 0x0008, 0x0010, 0x0020, 0x0020, 0x0020, 0x0020, 0x0020, 0x0010, 0x0008, 0x0000, 0x0000, 0x0000, 0x0000, 0x0000, 0x0000,
  0x0000, 0x0020, 0x0010, 0x0008, 0x0008, 0x0008, 0x0008, 0x0008, 0x0010, 0x0020, 0x0000, 0x0000, 0x0000, 0x0000, 0x0000, 0x0000,
  0x0000, 0x0000, 0x0010, 0x0092, 0x0054, 0x0038, 0x0054, 0x0092, 0x0010, 0x0000, 0x0000, 0x0000, 0x0000, 0x0000, 0x0000, 0x0000,
  0x0000, 0x0000, 0x0010, 0x0010, 0x0010, 0x00FE, 0x0010, 0x0010, 0x0010, 0x0000, 0x0000, 0x0000, 0x0000, 0x0000, 0x0000, 0x0000,
  0x0000, 0x0000, 0x0000, 0x0000, 0x0000, 0x0000, 0x0000, 0x0000, 0x0030, 0x0030, 0x0020, 0x0040, 0x0000, 0x0000, 0x0000, 0x0000,
  0x0000, 0x0000, 0x0000, 0x0000, 0x0000, 0x00FE, 0x0000, 0x0000, 0x0000, 0x0000, 0x0000, 0x0000, 0x0000, 0x0000, 0x0000, 0x0000,
  0x0000, 0x0000, 0x0000, 0x0000, 0x0000, 0x0000, 0x0000, 0x0000, 0x0030, 0x0030, 0x0000, 0x0000, 0x0000, 0x0000, 0x0000, 0x0000,
  0x0000, 0x0000, 0x0002, 0x0004, 0x0008, 0x0010, 0x0020, 0x0040, 0x0080, 0x0000, 0x0000, 0x0000, 0x0000, 0x0000, 0x0000, 0x0000,
  0x0000, 0x0038, 0x0044, 0x0044, 0x0044, 0x0044, 0x0044, 0x0044, 0x0044, 0x0038, 0x0000, 0x0000, 0x0000, 0x0000, 0x0000, 0x0000,
  0x0000, 0x0010, 0x0030, 0x0050, 0x0010, 0x0010, 0x0010, 0x0010, 0x0010, 0x007C, 0x0000, 0x0000, 0x0000, 0x0000, 0x0000, 0x0000,
  0x0000, 0x007C, 0x0082, 0x0002, 0x0004, 0x0038, 0x0040, 0x0080, 0x0080, 0x00FE, 0x0000, 0x0000, 0x0000, 0x0000, 0x0000, 0x0000,
  0x0000, 0x007C, 0x0082, 0x0002, 0x0002, 0x003C, 0x0002, 0x0002, 0x0082, 0x007C, 0x0000, 0x0000, 0x0000, 0x0000, 0x0000, 0x0000,
  0x0000, 0x0004, 0x000C, 0x0014, 0x0024, 0x0044, 0x0084, 0x00FE, 0x0004, 0x0004, 0x0000, 0x0000, 0x0000, 0x0000, 0x0000, 0x0000,
  0x0000, 0x00FE, 0x0080, 0x0080, 0x00F8, 0x0004, 0x0002, 0x0002, 0x0084, 0x0078, 0x0000, 0x0000, 0x0000, 0x0000, 0x0000, 0x0000,
  0x0000, 0x003C, 0x0040, 0x0080, 0x0080, 0x00FC, 0x0082, 0x0082, 0x0082, 0x007C, 0x0000, 0x0000, 0x0000, 0x0000, 0x0000, 0x0000,
  0x0000, 0x00FE, 0x0082, 0x0004, 0x0008, 0x0010, 0x0020, 0x0020, 0x0020, 0x0020, 0x0000, 0x0000, 0x0000, 0x0000, 0x0000, 0x0000,
  0x0000, 0x007C, 0x0082, 0x0082, 0x0082, 0x007C, 0x0082, 0x0082, 0x0082, 0x007C, 0x0000, 0x0000, 0x0000, 0x0000, 0x0000, 0x0000,
  0x0000, 0x007C, 0x0082, 0x0082, 0x0082, 0x007E, 0x0002, 0x0002, 0x0004, 0x0078, 0x0000, 0x0000, 0x0000, 0x0000, 0x0000, 0x0000,
  0x0000, 0x0000, 0x0000, 0x0000, 0x0030, 0x0030, 0x0000, 0x0000, 0x0030, 0x0030, 0x0000, 0x0000, 0x0000, 0x0000, 0x0000, 0x0000,
  0x0000, 0x0000, 0x0000, 0x0000, 0x0030, 0x0030, 0x0000, 0x0000, 0x0030, 0x0030, 0x0020, 0x0040, 0x0000, 0x0000, 0x0000, 0x0000,
  0x0000, 0x0008, 0x0010, 0x0020, 0x0040, 0x0080, 0x0040, 0x0020, 0x0010, 0x0008, 0x0000, 0x0000, 0x0000, 0x0000, 0x0000, 0x0000,
  0x0000, 0x0000, 0x0000, 0x0000, 0x007C, 0x0000, 0x007C, 0x0000, 0x0000, 0x0000, 0x0000, 0x0000, 0x0000, 0x0000, 0x0000, 0x0000,
  0x0000, 0x0020, 0x0010, 0x0008, 0x0004, 0x0002, 0x0004, 0x0008, 0x0010, 0x0020, 0x0000, 0x0000, 0x0000, 0x0000, 0x0000, 0x0000,
  0x0000, 0x003C, 0x0042, 0x0042, 0x0002, 0x000C, 0x0010, 0x0010, 0x0000, 0x0010, 0x0000, 0x0000, 0x0000, 0x0000, 0x0000, 0x0000,
  0x0000, 0x003C, 0x0042, 0x009A, 0x00AA, 0x00AA, 0x00BC, 0x0080, 0x0040, 0x003C, 0x0000, 0x0000, 0x0000, 0x0000, 0x0000, 0x0000,
  0x0000, 0x0038, 0x0044, 0x0082, 0x0082, 0x0082, 0x00FE, 0x0082, 0x0082, 0x0082, 0x0000, 0x0000, 0x0000, 0x0000, 0x0000, 0x0000,
  0x0000, 0x00FC, 0x0042, 0x0042, 0x0042, 0x007C, 0x0042, 0x0042, 0x0042, 0x00FC, 0x0000, 0x0000, 0x0000, 0x0000, 0x0000, 0x0000,
  0x0000, 0x003C, 0x0042, 0x0080, 0x0080, 0x0080, 0x0080, 0x0080, 0x0042, 0x003C, 0x0000, 0x0000, 0x0000, 0x0000, 0x0000, 0x0000,
  0x0000, 0x00F8, 0x0044, 0x0042, 0x0042, 0x0042, 0x0042, 0x0042, 0x0044, 0x00F8, 0x0000, 0x0000, 0x0000, 0x0000, 0x0000, 0x0000,
  0x0000, 0x00FE, 0x0080, 0x0080, 0x0080, 0x00F0, 0x0080, 0x0080, 0x0080, 0x00FE, 0x0000, 0x0000, 0x0000, 0x0000, 0x0000, 0x0000,
  0x0000, 0x00FE, 0x0080, 0x0080, 0x0080, 0x00F0, 0x0080, 0x0080, 0x0080, 0x0080, 0x0000, 0x0000, 0x0000, 0x0000, 0x0000, 0x0000,
  0x0000, 0x003C, 0x0042, 0x0080, 0x0080, 0x0080, 0x009E, 0x0082, 0x0042, 0x003C, 0x0000, 0x0000, 0x0000, 0x0000, 0x0000, 0x0000,
  0x0000, 0x0082, 0x0082, 0x0082, 0x0082, 0x00FE, 0x0082, 0x0082, 0x0082, 0x0082, 0x0000, 0x0000, 0x0000, 0x0000, 0x0000, 0x0000,
  0x0000, 0x007C, 0x0010, 0x0010, 0x0010, 0x0010, 0x0010, 0x0010, 0x0010, 0x007C, 0x0000, 0x0000, 0x0000, 0x0000, 0x0000, 0x0000,
  0x0000, 0x0004, 0x0004, 0x0004, 0x0004, 0x0004, 0x0004, 0x0004, 0x0044, 0x0038, 0x0000, 0x0000, 0x0000, 0x0000, 0x0000, 0x0000,
  0x0000, 0x0082, 0x0084, 0x0088, 0x0090, 0x00A0, 0x00D0, 0x0088, 0x0084, 0x0082, 0x0000, 0x0000, 0x0000, 0x0000, 0x0000, 0x0000,
  0x0000, 0x0080, 0x0080, 0x0080, 0x0080, 0x0080, 0x0080, 0x0080, 0x0080, 0x00FE, 0x0000, 0x0000, 0x0000, 0x0000, 0x0000, 0x0000,
  0x0000, 0x0082, 0x00C6, 0x00AA, 0x0092, 0x0092, 0x0082, 0x0082, 0x0082, 0x0082, 0x0000, 0x0000, 0x0000, 0x0000, 0x0000, 0x0000,
  0x0000, 0x0082, 0x00C2, 0x00A2, 0x0092, 0x008A, 0x0086, 0x0082, 0x0082, 0x0082, 0x0000, 0x0000, 0x0000, 0x0000, 0x0000, 0x0000,
  0x0000, 0x0038, 0x0044, 0x0082, 0x0082, 0x0082, 0x0082, 0x0082, 0x0044, 0x0038, 0x0000, 0x0000, 0x0000, 0x0000, 0x0000, 0x0000,
  0x0000, 0x00FC, 0x0082, 0x0082, 0x0082, 0x00FC, 0x0080, 0x0080, 0x0080, 0x0080, 0x0000, 0x0000, 0x0000, 0x0000, 0x0000, 0x0000,
  0x0000, 0x0038, 0x0044, 0x0082, 0x0082, 0x0082, 0x0092, 0x008A, 0x0044, 0x003A, 0x0000, 0x0000, 0x0000, 0x0000, 0x0000, 0x0000,
  0x0000, 0x00FC, 0x0082, 0x0082, 0x0082, 0x00FC, 0x0090, 0x0088, 0x0084, 0x0082, 0x0000, 0x0000, 0x0000, 0x0000, 0x0000, 0x0000,
  0x0000, 0x007C, 0x0082, 0x0080, 0x0080, 0x007C, 0x0002, 0x0002, 0x0082, 0x007C, 0x0000, 0x0000, 0x0000, 0x0000, 0x0000, 0x0000,
  0x0000, 0x00FE, 0x0010, 0x0010, 0x0010, 0x0010, 0x0010, 0x0010, 0x0010, 0x0010, 0x0000, 0x0000, 0x0000, 0x0000, 0x0000, 0x0000,
  0x0000, 0x0082, 0x0082, 0x0082, 0x0082, 0x0082, 0x0082, 0x0082, 0x0082, 0x007C, 0x0000, 0x0000, 0x0000, 0x0000, 0x0000, 0x0000,
  0x0000, 0x0082, 0x0082, 0x0082, 0x0044, 0x0044, 0x0028, 0x0028, 0x0010, 0x0010, 0x0000, 0x0000, 0x0000, 0x0000, 0x0000, 0x0000,
  0x0000, 0x0082, 0x0082, 0x0082, 0x0082, 0x0092, 0x0092, 0x00AA, 0x00C6, 0x0082, 0x0000, 0x0000, 0x0000, 0x0000, 0x0000, 0x0000,
  0x0000, 0x0082, 0x0082, 0x0044, 0x0028, 0x0010, 0x0028, 0x0044, 0x0082, 0x0082, 0x0000, 0x0000, 0x0000, 0x0000, 0x0000, 0x0000,
  0x0000, 0x0082, 0x0082, 0x0044, 0x0028, 0x0010, 0x0010, 0x0010, 0x0010, 0x0010, 0x0000, 0x0000, 0x0000, 0x0000, 0x0000, 0x0000,
  0x0000, 0x00FE, 0x0002, 0x0004, 0x0008, 0x0010, 0x0020, 0x0040, 0x0080, 0x00FE, 0x0000, 0x0000, 0x0000, 0x0000, 0x0000, 0x0000,
  0x0000, 0x003C, 0x0020, 0x0020, 0x0020, 0x0020, 0x0020, 0x0020, 0x0020, 0x003C, 0x0000, 0x0000, 0x0000, 0x0000, 0x0000, 0x0000,
  0x0000, 0x0000, 0x0080, 0x0040, 0x0020, 0x0010, 0x0008, 0x0004, 0x0002, 0x0000, 0x0000, 0x0000, 0x0000, 0x0000, 0x0000, 0x0000,
  0x0000, 0x0078, 0x0008, 0x0008, 0x0008, 0x0008, 0x0008, 0x0008, 0x0008, 0x0078, 0x0000, 0x0000, 0x0000, 0x0000, 0x0000, 0x0000,
  0x0000, 0x0010, 0x0028, 0x0044, 0x0082, 0x0000, 0x0000, 0x0000, 0x0000, 0x0000, 0x0000, 0x0000, 0x0000, 0x0000, 0x0000, 0x0000,
  0x0000, 0x0000, 0x0000, 0x0000, 0x0000, 0x0000, 0x0000, 0x0000, 0x0000, 0x0000, 0x00FF, 0x0000, 0x0000, 0x0000, 0x0000, 0x0000,
  0x0000, 0x0030, 0x0030, 0x0010, 0x0008, 0x0000, 0x0000, 0x0000, 0x0000, 0x0000, 0x0000, 0x0000, 0x0000, 0x0000, 0x0000, 0x0000,
  0x0000, 0x0000, 0x0000, 0x0000, 0x0078, 0x0004, 0x007C, 0x0084, 0x0084, 0x007A, 0x0000, 0x0000, 0x0000, 0x0000, 0x0000, 0x0000,
  0x0000, 0x0080, 0x0080, 0x0080, 0x00B8, 0x00C4, 0x0084, 0x0084, 0x00C4, 0x00B8, 0x0000, 0x0000, 0x0000, 0x0000, 0x0000, 0x0000,
  0x0000, 0x0000, 0x0000, 0x0000, 0x0078, 0x0084, 0x0080, 0x0080, 0x0084, 0x0078, 0x0000, 0x0000, 0x0000, 0x0000, 0x0000, 0x0000,
  0x0000, 0x0004, 0x0004, 0x0004, 0x0074, 0x008C, 0x0084, 0x0084, 0x008C, 0x0074, 0x0000, 0x0000, 0x0000, 0x0000, 0x0000, 0x0000,
  0x0000, 0x0000, 0x0000, 0x0000, 0x0078, 0x0084, 0x00FC, 0x0080, 0x0080, 0x0078, 0x0000, 0x0000, 0x0000, 0x0000, 0x0000, 0x0000,
  0x0000, 0x0018, 0x0024, 0x0020, 0x0020, 0x00F8, 0x0020, 0x0020, 0x0020, 0x0020, 0x0000, 0x0000, 0x0000, 0x0000, 0x0000, 0x0000,
  0x0000, 0x0000, 0x0000, 0x0000, 0x0074, 0x008C, 0x0084, 0x0084, 0x008C, 0x0074, 0x0004, 0x0084, 0x0078, 0x0000, 0x0000, 0x0000,
  0x0000, 0x0080, 0x0080, 0x0080, 0x00B8, 0x00C4, 0x0084, 0x0084, 0x0084, 0x0084, 0x0000, 0x0000, 0x0000, 0x0000, 0x0000, 0x0000,
  0x0000, 0x0000, 0x0010, 0x0000, 0x0030, 0x0010, 0x0010, 0x0010, 0x0010, 0x0038, 0x0000, 0x0000, 0x0000, 0x0000, 0x0000, 0x0000,
  0x0000, 0x0000, 0x0008, 0x0000, 0x0018, 0x0008, 0x0008, 0x0008, 0x0008, 0x0008, 0x0008, 0x0048, 0x0030, 0x0000, 0x0000, 0x0000,
  0x0000, 0x0080, 0x0080, 0x0080, 0x0088, 0x0090, 0x00A0, 0x00D0, 0x0088, 0x0084, 0x0000, 0x0000, 0x0000, 0x0000, 0x0000, 0x0000,
  0x0000, 0x0030, 0x0010, 0x0010, 0x0010, 0x0010, 0x0010, 0x0010, 0x0010, 0x0038, 0x0000, 0x0000, 0x0000, 0x0000, 0x0000, 0x0000,
  0x0000, 0x0000, 0x0000, 0x0000, 0x00EC, 0x0092, 0x0092, 0x0092, 0x0092, 0x0092, 0x0000, 0x0000, 0x0000, 0x0000, 0x0000, 0x0000,
  0x0000, 0x0000, 0x0000, 0x0000, 0x00B8, 0x00C4, 0x0084, 0x0084, 0x0084, 0x0084, 0x0000, 0x0000, 0x0000, 0x0000, 0x0000, 0x0000,
  0x0000, 0x0000, 0x0000, 0x0000, 0x0078, 0x0084, 0x0084, 0x0084, 0x0084, 0x0078, 0x0000, 0x0000, 0x0000, 0x0000, 0x0000, 0x0000,
  0x0000, 0x0000, 0x0000, 0x0000, 0x00B8, 0x00C4, 0x0084, 0x0084, 0x00C4, 0x00B8, 0x0080, 0x0080, 0x0080, 0x0000, 0x0000, 0x0000,
  0x0000, 0x0000, 0x0000, 0x0000, 0x0074, 0x008C, 0x0084, 0x0084, 0x008C, 0x0074, 0x0004, 0x000E, 0x0004, 0x0000, 0x0000, 0x0000,
  0x0000, 0x0000, 0x0000, 0x0000, 0x00B8, 0x00C4, 0x0080, 0x0080, 0x0080, 0x0080, 0x0000, 0x0000, 0x0000, 0x0000, 0x0000, 0x0000,
  0x0000, 0x0000, 0x0000, 0x0000, 0x0078, 0x0084, 0x0060, 0x0018, 0x0084, 0x0078, 0x0000, 0x0000, 0x0000, 0x0000, 0x0000, 0x0000,
  0x0000, 0x0000, 0x0020, 0x0020, 0x00F8, 0x0020, 0x0020, 0x0020, 0x0024, 0x0018, 0x0000, 0x0000, 0x0000, 0x0000, 0x0000, 0x0000,
  0x0000, 0x0000, 0x0000, 0x0000, 0x0084, 0x0084, 0x0084, 0x0084, 0x008C, 0x0074, 0x0000, 0x0000, 0x0000, 0x0000, 0x0000, 0x0000,
  0x0000, 0x0000, 0x0000, 0x0000, 0x0082, 0x0082, 0x0082, 0x0044, 0x0028, 0x0010, 0x0000, 0x0000, 0x0000, 0x0000, 0x0000, 0x0000,
  0x0000, 0x0000, 0x0000, 0x0000, 0x0082, 0x0092, 0x0092, 0x0092, 0x0092, 0x006C, 0x0000, 0x0000, 0x0000, 0x0000, 0x0000, 0x0000,
  0x0000, 0x0000, 0x0000, 0x0000, 0x0084, 0x0048, 0x0030, 0x0030, 0x0048, 0x0084, 0x0000, 0x0000, 0x0000, 0x0000, 0x0000, 0x0000,
  0x0000, 0x0000, 0x0000, 0x0000, 0x0084, 0x0084, 0x0084, 0x0084, 0x008C, 0x0074, 0x0004, 0x0084, 0x0078, 0x0000, 0x0000, 0x0000,
  0x0000, 0x0000, 0x0000, 0x0000, 0x00FC, 0x0008, 0x0010, 0x0020, 0x0040, 0x00FC, 0x0000, 0x0000, 0x0000, 0x0000, 0x0000, 0x0000,
  0x0000, 0x001C, 0x0020, 0x0020, 0x0020, 0x0040, 0x0020, 0x0020, 0x0020, 0x001C, 0x0000, 0x0000, 0x0000, 0x0000, 0x0000, 0x0000,
  0x0000, 0x0010, 0x0010, 0x0010, 0x0000, 0x0010, 0x0010, 0x0010, 0x0000, 0x0000, 0x0000, 0x0000, 0x0000, 0x0000, 0x0000, 0x0000,
  0x0000, 0x0070, 0x0008, 0x0008, 0x0008, 0x0004, 0x0008, 0x0008, 0x0008, 0x0070, 0x0000, 0x0000, 0x0000, 0x0000, 0x0000, 0x0000,
  0x0000, 0x0000, 0x0072, 0x008C, 0x0000, 0x0000, 0x0000, 0x0000, 0x0000, 0x0000, 0x0000, 0x0000, 0x0000, 0x0000, 0x0000, 0x0000,
  0x0000, 0x0000, 0x0000, 0x0000, 0x0000, 0x0000, 0x0000, 0x0000, 0x0000, 0x0000, 0x0000, 0x0000, 0x0000, 0x0000, 0x0000, 0x0000,
  0x0000, 0x001C, 0x0022, 0x0022, 0x0022, 0x001C, 0x0000, 0x0000, 0x0000, 0x0000, 0x0000, 0x0000, 0x0000, 0x0000, 0x0000, 0x0000,
  0x0000, 0x0008, 0x0018, 0x0008, 0x0008, 0x003E, 0x0000, 0x0000, 0x0000, 0x0000, 0x0000, 0x0000, 0x0000, 0x0000, 0x0000, 0x0000,
  0x0000, 0x001C, 0x0022, 0x0004, 0x0008, 0x003E, 0x0000, 0x0000, 0x0000, 0x0000, 0x0000, 0x0000, 0x0000, 0x0000, 0x0000, 0x0000,
  0x0000, 0x003E, 0x0004, 0x000C, 0x0022, 0x001C, 0x0000, 0x0000, 0x0000, 0x0000, 0x0000, 0x0000, 0x0000, 0x0000, 0x0000, 0x0000,
  0x0000, 0x0004, 0x000C, 0x0014, 0x003C, 0x0004, 0x0000, 0x0000, 0x0000, 0x0000, 0x0000, 0x0000, 0x0000, 0x0000, 0x0000, 0x0000,
  0x0000, 0x003C, 0x0020, 0x003C, 0x0002, 0x003C, 0x0000, 0x0000, 0x0000, 0x0000, 0x0000, 0x0000, 0x0000, 0x0000, 0x0000, 0x0000,
  0x0000, 0x001C, 0x0020, 0x003C, 0x0022, 0x001C, 0x0000, 0x0000, 0x0000, 0x0000, 0x0000, 0x0000, 0x0000, 0x0000, 0x0000, 0x0000,
  0x0000, 0x003E, 0x0002, 0x0004, 0x0008, 0x0008, 0x0000, 0x0000, 0x0000, 0x0000, 0x0000, 0x0000, 0x0000, 0x0000, 0x0000, 0x0000,
  0x0000, 0x001C, 0x0022, 0x001C, 0x0022, 0x001C, 0x0000, 0x0000, 0x0000, 0x0000, 0x0000, 0x0000, 0x0000, 0x0000, 0x0000, 0x0000,
  0x0000, 0x001C, 0x0022, 0x001E, 0x0002, 0x001C, 0x0000, 0x0000, 0x0000, 0x0000, 0x0000, 0x0000, 0x0000, 0x0000, 0x0000, 0x0000,
  0x0000, 0x0000, 0x0000, 0x003E, 0x0000, 0x0000, 0x0000, 0x0000, 0x0000, 0x0000, 0x0000, 0x0000, 0x0000, 0x0000, 0x0000, 0x0000,
  0x0000, 0x0008, 0x0008, 0x003E, 0x0008, 0x0008, 0x0000, 0x0000, 0x0000, 0x0000, 0x0000, 0x0000, 0x0000, 0x0000, 0x0000, 0x0000,
  0x0000, 0x001C, 0x0022, 0x003E, 0x0022, 0x0022, 0x0000, 0x0000, 0x0000, 0x0000, 0x0000, 0x0000, 0x0000, 0x0000, 0x0000, 0x0000,
  0x0000, 0x003C, 0x0012, 0x001C, 0x0012, 0x003C, 0x0000, 0x0000, 0x0000, 0x0000, 0x0000, 0x0000, 0x0000, 0x0000, 0x0000, 0x0000,
  0x0000, 0x001C, 0x0022, 0x0020, 0x0022, 0x001C, 0x0000, 0x0000, 0x0000, 0x0000, 0x0000, 0x0000, 0x0000, 0x0000, 0x0000, 0x0000,
  0x0000, 0x0008, 0x002A, 0x001C, 0x002A, 0x0008, 0x0000, 0x0000, 0x0000, 0x0000, 0x0000, 0x0000, 0x0000, 0x0000, 0x0000, 0x0000,
  0x0000, 0x0000, 0x0000, 0x0000, 0x0000, 0x0000, 0x0000, 0x001C, 0x0022, 0x0022, 0x0022, 0x001C, 0x0000, 0x0000, 0x0000, 0x0000,
  0x0000, 0x0000, 0x0000, 0x0000, 0x0000, 0x0000, 0x0000, 0x0008, 0x0018, 0x0008, 0x0008, 0x003E, 0x0000, 0x0000, 0x0000, 0x0000,
  0x0000, 0x0000, 0x0000, 0x0000, 0x0000, 0x0000, 0x0000, 0x001C, 0x0022, 0x0004, 0x0008, 0x003E, 0x0000, 0x0000, 0x0000, 0x0000,
  0x0000, 0x0000, 0x0000, 0x0000, 0x0000, 0x0000, 0x0000, 0x003E, 0x0004, 0x000C, 0x0022, 0x001C, 0x0000, 0x0000, 0x0000, 0x0000,
  0x0000, 0x0000, 0x0000, 0x0000, 0x0000, 0x0000, 0x0000, 0x0004, 0x000C, 0x0014, 0x003E, 0x0004, 0x0000, 0x0000, 0x0000, 0x0000,
  0x0000, 0x0000, 0x0000, 0x0000, 0x0000, 0x0000, 0x0000, 0x003C, 0x0020, 0x003C, 0x0002, 0x003C, 0x0000, 0x0000, 0x0000, 0x0000,
  0x0000, 0x0000, 0x0000, 0x0000, 0x0000, 0x0000, 0x0000, 0x001C, 0x0020, 0x003C, 0x0022, 0x003C, 0x0000, 0x0000, 0x0000, 0x0000,
  0x0000, 0x0000, 0x0000, 0x0000, 0x0000, 0x0000, 0x0000, 0x003E, 0x0002, 0x0004, 0x0008, 0x0008, 0x0000, 0x0000, 0x0000, 0x0000,
  0x0000, 0x0000, 0x0000, 0x0000, 0x0000, 0x0000, 0x0000, 0x001C, 0x0022, 0x001C, 0x0022, 0x001C, 0x0000, 0x0000, 0x0000, 0x0000,
  0x0000, 0x0000, 0x0000, 0x0000, 0x0000, 0x0000, 0x0000, 0x001C, 0x0022, 0x001E, 0x0002, 0x001C, 0x0000, 0x0000, 0x0000, 0x0000,
  0x0000, 0x0000, 0x0000, 0x0000, 0x0000, 0x0000, 0x0000, 0x0000, 0x0000, 0x003E, 0x0000, 0x0000, 0x0000, 0x0000, 0x0000, 0x0000,
  0x0000, 0x0000, 0x0000, 0x0000, 0x0000, 0x0000, 0x0000, 0x0008, 0x0008, 0x003E, 0x0008, 0x0008, 0x0000, 0x0000, 0x0000, 0x0000,
  0x0000, 0x0000, 0x0000, 0x0000, 0x0000, 0x0000, 0x0000, 0x001C, 0x0022, 0x003E, 0x0022, 0x0022, 0x0000, 0x0000, 0x0000, 0x0000,
  0x0000, 0x0000, 0x0000, 0x0000, 0x0000, 0x0000, 0x0000, 0x003C, 0x0012, 0x001C, 0x0012, 0x003C, 0x0000, 0x0000, 0x0000, 0x0000,
  0x0000, 0x0000, 0x0000, 0x0000, 0x0000, 0x0000, 0x0000, 0x001C, 0x0022, 0x0020, 0x0022, 0x001C, 0x0000, 0x0000, 0x0000, 0x0000,
  0x0000, 0x0000, 0x0000, 0x0000, 0x0000, 0x0000, 0x0000, 0x0008, 0x002A, 0x001C, 0x002A, 0x0008, 0x0000, 0x0000, 0x0000, 0x0000,
  0x0000, 0x0000, 0x0000, 0x0000, 0x0000, 0x0000, 0x0000, 0x0000, 0x0000, 0x0000, 0x0000, 0x0000, 0x0000, 0x0000, 0x0000, 0x0000,
  0x0000, 0x0000, 0x0000, 0x0000, 0x0066, 0x0098, 0x0090, 0x0090, 0x0098, 0x0066, 0x0000, 0x0000, 0x0000, 0x0000, 0x0000, 0x0000,
  0x0000, 0x0000, 0x0078, 0x0084, 0x0084, 0x0098, 0x0084, 0x0084, 0x0084, 0x00B8, 0x0080, 0x0080, 0x0080, 0x0000, 0x0000, 0x0000,
  0x0000, 0x0000, 0x0000, 0x0000, 0x0046, 0x00A8, 0x0090, 0x0010, 0x0010, 0x0010, 0x0010, 0x0000, 0x0000, 0x0000, 0x0000, 0x0000,
  0x0000, 0x0000, 0x007C, 0x0080, 0x0040, 0x0078, 0x0084, 0x0084, 0x0084, 0x0078, 0x0000, 0x0000, 0x0000, 0x0000, 0x0000, 0x0000,
  0x0000, 0x0000, 0x0000, 0x0078, 0x0084, 0x0080, 0x0070, 0x0080, 0x0084, 0x0078, 0x0000, 0x0000, 0x0000, 0x0000, 0x0000, 0x0000,
  0x0000, 0x0000, 0x0040, 0x0040, 0x003C, 0x0040, 0x0080, 0x0080, 0x0080, 0x0078, 0x0004, 0x0078, 0x0000, 0x0000, 0x0000, 0x0000,
  0x0000, 0x0000, 0x0000, 0x0000, 0x00D8, 0x00A4, 0x0024, 0x0024, 0x0024, 0x0024, 0x0004, 0x0002, 0x0000, 0x0000, 0x0000, 0x0000,
  0x0000, 0x0000, 0x0000, 0x0038, 0x0044, 0x0044, 0x007C, 0x0044, 0x0044, 0x0038, 0x0000, 0x0000, 0x0000, 0x0000, 0x0000, 0x0000,
  0x0000, 0x0000, 0x0000, 0x0000, 0x0040, 0x0040, 0x0040, 0x0040, 0x0048, 0x0030, 0x0000, 0x0000, 0x0000, 0x0000, 0x0000, 0x0000,
  0x0000, 0x0000, 0x0000, 0x0000, 0x0062, 0x00A4, 0x0028, 0x0030, 0x002A, 0x0064, 0x0000, 0x0000, 0x0000, 0x0000, 0x0000, 0x0000,
  0x0000, 0x0000, 0x0000, 0x0080, 0x00C0, 0x00A0, 0x0010, 0x0028, 0x0044, 0x0082, 0x0000, 0x0000, 0x0000, 0x0000, 0x0000, 0x0000,
  0x0000, 0x0000, 0x0000, 0x0000, 0x0042, 0x0042, 0x0042, 0x0042, 0x0042, 0x007C, 0x0040, 0x0040, 0x0080, 0x0000, 0x0000, 0x0000,
  0x0000, 0x0000, 0x0000, 0x0000, 0x0082, 0x0042, 0x0044, 0x0058, 0x0060, 0x0040, 0x0000, 0x0000, 0x0000, 0x0000, 0x0000, 0x0000,
  0x0000, 0x0000, 0x0000, 0x0040, 0x003C, 0x0040, 0x003C, 0x0040, 0x0080, 0x007C, 0x0002, 0x007C, 0x0000, 0x0000, 0x0000, 0x0000,
  0x0000, 0x0000, 0x0000, 0x0000, 0x00FE, 0x0024, 0x0024, 0x0024, 0x0044, 0x0084, 0x0000, 0x0000, 0x0000, 0x0000, 0x0000, 0x0000,
  0x0000, 0x0000, 0x0000, 0x0000, 0x0000, 0x0038, 0x0044, 0x0044, 0x0044, 0x0038, 0x0020, 0x0010, 0x0060, 0x0000, 0x0000, 0x0000,
  0x0000, 0x0000, 0x0000, 0x0000, 0x0002, 0x003C, 0x0044, 0x0044, 0x0044, 0x0038, 0x0000, 0x0000, 0x0000, 0x0000, 0x0000, 0x0000,
  0x0000, 0x0000, 0x0000, 0x0000, 0x0002, 0x007C, 0x0090, 0x0010, 0x0010, 0x0008, 0x0000, 0x0000, 0x0000, 0x0000, 0x0000, 0x0000,
  0x0000, 0x0000, 0x0000, 0x0000, 0x0000, 0x0044, 0x00A4, 0x0024, 0x0024, 0x0018, 0x0000, 0x0000, 0x0000, 0x0000, 0x0000, 0x0000,
  0x0000, 0x0000, 0x0000, 0x0000, 0x0000, 0x004C, 0x0092, 0x0092, 0x0094, 0x0078, 0x0010, 0x0010, 0x0010, 0x0000, 0x0000, 0x0000,
  0x0000, 0x0000, 0x0000, 0x0000, 0x00C4, 0x0028, 0x0010, 0x0030, 0x0048, 0x0086, 0x0000, 0x0000, 0x0000, 0x0000, 0x0000, 0x0000,
  0x0000, 0x0000, 0x0000, 0x0000, 0x0010, 0x0092, 0x0054, 0x0054, 0x0054, 0x0038, 0x0010, 0x0010, 0x0010, 0x0000, 0x0000, 0x0000,
  0x0000, 0x0000, 0x0000, 0x0000, 0x0000, 0x0044, 0x0082, 0x0092, 0x0092, 0x006C, 0x0000, 0x0000, 0x0000, 0x0000, 0x0000, 0x0000,
  0x0000, 0x0000, 0x0000, 0x0000, 0x0000, 0x0000, 0x0000, 0x0000, 0x0000, 0x0010, 0x0000, 0x0000, 0x0000, 0x0000, 0x0000, 0x0000,
  0x0000, 0x0038, 0x0044, 0x0082, 0x0082, 0x00BA, 0x0082, 0x0082, 0x0044, 0x0038, 0x0000, 0x0000, 0x0000, 0x0000, 0x0000, 0x0000,
  0x0000, 0x0038, 0x0044, 0x0082, 0x0082, 0x0082, 0x0044, 0x0044, 0x0028, 0x00EE, 0x0000, 0x0000, 0x0000, 0x0000, 0x0000, 0x0000,
  0x0000, 0x0092, 0x0092, 0x0092, 0x0092, 0x0092, 0x007C, 0x0010, 0x0010, 0x0010, 0x0000, 0x0000, 0x0000, 0x0000, 0x0000, 0x0000,
  0x0000, 0x0082, 0x0044, 0x0028, 0x0010, 0x0010, 0x0010, 0x0010, 0x0010, 0x0010, 0x0000, 0x0000, 0x0000, 0x0000, 0x0000, 0x0000,
  0x0000, 0x00FE, 0x0082, 0x0082, 0x0082, 0x0082, 0x0082, 0x0082, 0x0082, 0x0082, 0x0000, 0x0000, 0x0000, 0x0000, 0x0000, 0x0000,
  0x0000, 0x00FE, 0x0040, 0x0020, 0x0010, 0x0008, 0x0010, 0x0020, 0x0040, 0x00FE, 0x0000, 0x0000, 0x0000, 0x0000, 0x0000, 0x0000,
  0x0000, 0x0000, 0x0002, 0x0006, 0x000A, 0x0012, 0x0022, 0x0042, 0x0082, 0x00FE, 0x0000, 0x0000, 0x0000, 0x0000, 0x0000, 0x0000,
  0x0000, 0x0010, 0x0010, 0x007C, 0x0092, 0x0092, 0x0092, 0x0092, 0x007C, 0x0010, 0x0010, 0x0000, 0x0000, 0x0000, 0x0000, 0x0000,
  0x0000, 0x00FE, 0x0080, 0x0080, 0x0080, 0x0080, 0x0080, 0x0080, 0x0080, 0x0080, 0x0000, 0x0000, 0x0000, 0x0000, 0x0000, 0x0000,
  0x0000, 0x0000, 0x0010, 0x0010, 0x0028, 0x0028, 0x0044, 0x0044, 0x0082, 0x0082, 0x0000, 0x0000, 0x0000, 0x0000, 0x0000, 0x0000,
  0x0000, 0x00C6, 0x0044, 0x0028, 0x0010, 0x0010, 0x0010, 0x0028, 0x0044, 0x00C6, 0x0000, 0x0000, 0x0000, 0x0000, 0x0000, 0x0000,
  0x0000, 0x00FE, 0x0000, 0x0000, 0x0000, 0x007C, 0x0000, 0x0000, 0x0000, 0x00FE, 0x0000, 0x0000, 0x0000, 0x0000, 0x0000, 0x0000,
  0x0000, 0x0000, 0x0000, 0x0000, 0x0000, 0x0000, 0x0000, 0x0000, 0x0000, 0x0000, 0x00FF, 0x00FF, 0x00FF, 0x00FF, 0x0000, 0x0000,
  0x0000, 0x0000, 0x0000, 0x0000, 0x0000, 0x0000, 0x0000, 0x00FF, 0x00FF, 0x00FF, 0x00FF, 0x00FF, 0x00FF, 0x00FF, 0x0000, 0x0000,
  0x0000, 0x0000, 0x0000, 0x0000, 0x00FF, 0x00FF, 0x00FF, 0x00FF, 0x00FF, 0x00FF, 0x00FF, 0x00FF, 0x00FF, 0x00FF, 0x0000, 0x0000,
  0x00FF, 0x00FF, 0x00FF, 0x00FF, 0x00FF, 0x00FF, 0x00FF, 0x00FF, 0x00FF, 0x00FF, 0x00FF, 0x00FF, 0x00FF, 0x00FF, 0x0000, 0x0000,
  0x0000, 0x0000, 0x0000, 0x0000, 0x0000, 0x0000, 0x0000, 0x0000, 0x0000, 0x0000, 0x0000, 0x00FF, 0x0000, 0x00FF, 0x0000, 0x0000,
  0x0000, 0x0000, 0x0000, 0x0000, 0x0000, 0x0000, 0x0000, 0x00FF, 0x0000, 0x00FF, 0x0000, 0x00FF, 0x0000, 0x00FF, 0x0000, 0x0000,
  0x0000, 0x0000, 0x0000, 0x0000, 0x0000, 0x00FF, 0x0000, 0x00FF, 0x0000, 0x00FF, 0x0000, 0x00FF, 0x0000, 0x00FF, 0x0000, 0x0000,
  0x0000, 0x00FF, 0x0000, 0x00FF, 0x0000, 0x00FF, 0x0000, 0x00FF, 0x0000, 0x00FF, 0x0000, 0x00FF, 0x0000, 0x00FF, 0x0000, 0x0000,
  0x0000, 0x0000, 0x0000, 0x0000, 0x0030, 0x0030, 0x0000, 0x0000, 0x0000, 0x0000, 0x0000, 0x0000, 0x0000, 0x0000, 0x0000, 0x0000,
  0x0000, 0x0000, 0x0000, 0x0010, 0x0000, 0x00FE, 0x0000, 0x0010, 0x0000, 0x0000, 0x0000, 0x0000, 0x0000, 0x0000, 0x0000, 0x0000,
  0x0000, 0x0000, 0x0000, 0x0000, 0x0062, 0x0092, 0x008C, 0x0000, 0x0000, 0x0000, 0x0000, 0x0000, 0x0000, 0x0000, 0x0000, 0x0000,
  0x0000, 0x0000, 0x0000, 0x003E, 0x0040, 0x0080, 0x0080, 0x0040, 0x003E, 0x0000, 0x0000, 0x0000, 0x0000, 0x0000, 0x0000, 0x0000,
  0x0000, 0x0000, 0x0000, 0x00F8, 0x0004, 0x0002, 0x0002, 0x0004, 0x00F8, 0x0000, 0x0000, 0x0000, 0x0000, 0x0000, 0x0000, 0x0000,
  0x000C, 0x0012, 0x0010, 0x0010, 0x0010, 0x0010, 0x0010, 0x0010, 0x0010, 0x0010, 0x0010, 0x0010, 0x0090, 0x0060, 0x0000, 0x0000,
  0x001F, 0x0010, 0x0010, 0x0010, 0x00D0, 0x0050, 0x0050, 0x0050, 0x0060, 0x0040, 0x0040, 0x0000, 0x0000, 0x0000, 0x0000, 0x0000,
  0x0000, 0x0000, 0x0038, 0x0044, 0x0082, 0x0082, 0x0082, 0x0082, 0x0082, 0x0082, 0x0000, 0x0000, 0x0000, 0x0000, 0x0000, 0x0000,
  0x0000, 0x0000, 0x0082, 0x0082, 0x0082, 0x0082, 0x0082, 0x0082, 0x0044, 0x0038, 0x0000, 0x0000, 0x0000, 0x0000, 0x0000, 0x0000,
  0x0000, 0x0000, 0x0010, 0x0010, 0x007C, 0x0010, 0x0010, 0x0000, 0x007C, 0x0000, 0x0000, 0x0000, 0x0000, 0x0000, 0x0000, 0x0000,
  0x0000, 0x0000, 0x0000, 0x0060, 0x0092, 0x000C, 0x0060, 0x0092, 0x000C, 0x0000, 0x0000, 0x0000, 0x0000, 0x0000, 0x0000, 0x0000,
  0x0000, 0x0000, 0x0000, 0x006C, 0x0092, 0x0092, 0x006C, 0x0000, 0x0000, 0x0000, 0x0000, 0x0000, 0x0000, 0x0000, 0x0000, 0x0000,
  0x0000, 0x0000, 0x0038, 0x0040, 0x0080, 0x00F0, 0x0080, 0x0040, 0x0038, 0x0000, 0x0000, 0x0000, 0x0000, 0x0000, 0x0000, 0x0000,
  0x0000, 0x0000, 0x0000, 0x0000, 0x00FE, 0x0002, 0x0002, 0x0000, 0x0000, 0x0000, 0x0000, 0x0000, 0x0000, 0x0000, 0x0000, 0x0000,
  0x0000, 0x0004, 0x0008, 0x0010, 0x0020, 0x0040, 0x00FC, 0x0000, 0x00FC, 0x0000, 0x0000, 0x0000, 0x0000, 0x0000, 0x0000, 0x0000,
  0x0000, 0x0080, 0x0040, 0x0020, 0x0010, 0x0008, 0x00FC, 0x0000, 0x00FC, 0x0000, 0x0000, 0x0000, 0x0000, 0x0000, 0x0000, 0x0000,
  0x0000, 0x0000, 0x0004, 0x0008, 0x00FE, 0x0010, 0x00FE, 0x0020, 0x0040, 0x0000, 0x0000, 0x0000, 0x0000, 0x0000, 0x0000, 0x0000,
  0x0000, 0x0000, 0x0002, 0x0004, 0x0008, 0x0010, 0x0020, 0x0040, 0x0080, 0x00FE, 0x0000, 0x0000, 0x0000, 0x0000, 0x0000, 0x0000,
  0x0000, 0x0048, 0x0048, 0x0048, 0x0048, 0x0048, 0x0048, 0x0048, 0x0048, 0x0048, 0x0000, 0x0000, 0x0000, 0x0000, 0x0000, 0x0000,
  0x0000, 0x0000, 0x0000, 0x0000, 0x0000, 0x0000, 0x0000, 0x00FF, 0x0000, 0x0000, 0x0000, 0x0000, 0x0000, 0x0000, 0x0000, 0x0000,
  0x0008, 0x0008, 0x0008, 0x0008, 0x0008, 0x0008, 0x0008, 0x000F, 0x0000, 0x0000, 0x0000, 0x0000, 0x0000, 0x0000, 0x0000, 0x0000,
  0x0008, 0x0008, 0x0008, 0x0008, 0x0008, 0x0008, 0x0008, 0x00FF, 0x0000, 0x0000, 0x0000, 0x0000, 0x0000, 0x0000, 0x0000, 0x0000,
  0x0008, 0x0008, 0x0008, 0x0008, 0x0008, 0x0008, 0x0008, 0x00F8, 0x0000, 0x0000, 0x0000, 0x0000, 0x0000, 0x0000, 0x0000, 0x0000,
  0x0008, 0x0008, 0x0008, 0x0008, 0x0008, 0x0008, 0x0008, 0x000F, 0x0008, 0x0008, 0x0008, 0x0008, 0x0008, 0x0008, 0x0000, 0x0000,
  0x0008, 0x0008, 0x0008, 0x0008, 0x0008, 0x0008, 0x0008, 0x00FF, 0x0008, 0x0008, 0x0008, 0x0008, 0x0008, 0x0008, 0x0000, 0x0000,
  0x0008, 0x0008, 0x0008, 0x0008, 0x0008, 0x0008, 0x0008, 0x00F8, 0x0008, 0x0008, 0x0008, 0x0008, 0x0008, 0x0008, 0x0000, 0x0000,
  0x0000, 0x0000, 0x0000, 0x0000, 0x0000, 0x0000, 0x0000, 0x000F, 0x0008, 0x0008, 0x0008, 0x0008, 0x0008, 0x0008, 0x0000, 0x0000,
  0x0000, 0x0000, 0x0000, 0x0000, 0x0000, 0x0000, 0x0000, 0x00FF, 0x0008, 0x0008, 0x0008, 0x0008, 0x0008, 0x0008, 0x0000, 0x0000,
  0x0000, 0x0000, 0x0000, 0x0000, 0x0000, 0x0000, 0x0000, 0x00F8, 0x0008, 0x0008, 0x0008, 0x0008, 0x0008, 0x0008, 0x0000, 0x0000,
  0x0008, 0x0008, 0x0008, 0x0008, 0x0008, 0x0008, 0x0008, 0x0008, 0x0008, 0x0008, 0x0008, 0x0008, 0x0008, 0x0008, 0x0000, 0x0000,
  0x0000, 0x003C, 0x0020, 0x0020, 0x0020, 0x0020, 0x0020, 0x0020, 0x0020, 0x003C, 0x0000, 0x0000, 0x0000, 0x0000, 0x0000, 0x0000,
  0x0000, 0x0000, 0x0080, 0x0040, 0x0020, 0x0010, 0x0008, 0x0004, 0x0002, 0x0000, 0x0000, 0x0000, 0x0000, 0x0000, 0x0000, 0x0000,
  0x0000, 0x0078, 0x0008, 0x0008, 0x0008, 0x0008, 0x0008, 0x0008, 0x0008, 0x0078, 0x0000, 0x0000, 0x0000, 0x0000, 0x0000, 0x0000,
  0x0000, 0x001C, 0x0020, 0x0020, 0x0020, 0x0040, 0x0020, 0x0020, 0x0020, 0x001C, 0x0000, 0x0000, 0x0000, 0x0000, 0x0000, 0x0000,
  0x0000, 0x0070, 0x0008, 0x0008, 0x0008, 0x0004, 0x0008, 0x0008, 0x0008, 0x0070, 0x0000, 0x0000, 0x0000, 0x0000, 0x0000, 0x0000,
  0x0000, 0x0000, 0x0038, 0x007C, 0x00FE, 0x00FE, 0x00FE, 0x007C, 0x0038, 0x0000, 0x0000, 0x0000, 0x0000, 0x0000, 0x0000, 0x0000,
  0x0000, 0x0010, 0x0010, 0x0010, 0x00FE, 0x0010, 0x0010, 0x0010, 0x0010, 0x0010, 0x0000, 0x0000, 0x0000, 0x0000, 0x0000, 0x0000,
  0x0000, 0x0028, 0x0028, 0x0028, 0x00FE, 0x0028, 0x00FE, 0x0028, 0x0028, 0x0028, 0x0000, 0x0000, 0x0000, 0x0000, 0x0000, 0x0000,
  0x0000, 0x0002, 0x0002, 0x0002, 0x0002, 0x0002, 0x0002, 0x0022, 0x0042, 0x00FE, 0x0040, 0x0020, 0x0000, 0x0000, 0x0000, 0x0000,
  0x0000, 0x0018, 0x0024, 0x0040, 0x0040, 0x0040, 0x00F0, 0x0040, 0x0042, 0x00FC, 0x0000, 0x0000, 0x0000, 0x0000, 0x0000, 0x0000,
  0x0000, 0x0018, 0x0024, 0x0020, 0x0010, 0x0028, 0x0044, 0x0044, 0x0028, 0x0010, 0x0008, 0x0048, 0x0030, 0x0000, 0x0000, 0x0000,
  0x0000, 0x0038, 0x0044, 0x00B2, 0x00CA, 0x00C2, 0x00CA, 0x00B2, 0x0044, 0x0038, 0x0000, 0x0000, 0x0000, 0x0000, 0x0000, 0x0000,
  0x0000, 0x0000, 0x0000, 0x00FC, 0x0084, 0x0084, 0x0084, 0x0084, 0x00FC, 0x0000, 0x0000, 0x0000, 0x0000, 0x0000, 0x0000, 0x0000,
  0x0000, 0x00FE, 0x0082, 0x0082, 0x0082, 0x0082, 0x0082, 0x0082, 0x0082, 0x00FE, 0x0000, 0x0000, 0x0000, 0x0000, 0x0000, 0x0000,
  0x0000, 0x0000, 0x0000, 0x0000, 0x0000, 0x0004, 0x0006, 0x00FF, 0x0006, 0x0004, 0x0000, 0x0000, 0x0000, 0x0000, 0x0000, 0x0000,
  0x0000, 0x0000, 0x0000, 0x0000, 0x0000, 0x0020, 0x0060, 0x00FF, 0x0060, 0x0020, 0x0000, 0x0000, 0x0000, 0x0000, 0x0000, 0x0000,
  0x0008, 0x001C, 0x003E, 0x0008, 0x0008, 0x0008, 0x0008, 0x0008, 0x0008, 0x0008, 0x0008, 0x0008, 0x0008, 0x0008, 0x0000, 0x0000,
  0x0008, 0x0008, 0x0008, 0x0008, 0x0008, 0x0008, 0x0008, 0x0008, 0x0008, 0x0008, 0x0008, 0x003E, 0x001C, 0x0008, 0x0000, 0x0000,
  0x0000, 0x0000, 0x00F8, 0x00E0, 0x00A0, 0x0090, 0x0008, 0x0004, 0x0002, 0x0000, 0x0000, 0x0000, 0x0000, 0x0000, 0x0000, 0x0000,
  0x0000, 0x0000, 0x0000, 0x00FE, 0x0000, 0x0000, 0x00FE, 0x0000, 0x0000, 0x00FE, 0x0000, 0x0000, 0x0000, 0x0000, 0x0000, 0x0000,
  0x0000, 0x0000, 0x0000, 0x0000, 0x0000, 0x0000, 0x0000, 0x0000, 0x0000, 0x0000, 0x0000, 0x0000, 0x0000, 0x0000, 0x0000, 0x0000,
  0x0000, 0x0028, 0x0028, 0x0028, 0x00FE, 0x0028, 0x00FE, 0x0028, 0x0028, 0x0028, 0x0000, 0x0000, 0x0000, 0x0000, 0x0000, 0x0000,
  0x0000, 0x003C, 0x0042, 0x009A, 0x00AA, 0x00AA, 0x00BC, 0x0080, 0x0040, 0x003C, 0x0000, 0x0000, 0x0000, 0x0000, 0x0000, 0x0000,
  0x0000, 0x007E, 0x0090, 0x0090, 0x0090, 0x00FE, 0x0090, 0x0090, 0x0090, 0x009E, 0x0000, 0x0000, 0x0000, 0x0000, 0x0000, 0x0000,
  0x0000, 0x007C, 0x0082, 0x0086, 0x008A, 0x0092, 0x00A2, 0x00C2, 0x0082, 0x007C, 0x0000, 0x0000, 0x0000, 0x0000, 0x0000, 0x0000,
  0x0010, 0x0028, 0x0010, 0x0038, 0x0044, 0x0082, 0x00FE, 0x0082, 0x0082, 0x0082, 0x0000, 0x0000, 0x0000, 0x0000, 0x0000, 0x0000,
  0x0000, 0x0030, 0x0030, 0x0010, 0x0008, 0x0000, 0x0000, 0x0000, 0x0000, 0x0000, 0x0000, 0x0000, 0x0000, 0x0000, 0x0000, 0x0000,
  0x0000, 0x0000, 0x0000, 0x0000, 0x00EC, 0x0012, 0x007E, 0x0090, 0x0092, 0x006C, 0x0000, 0x0000, 0x0000, 0x0000, 0x0000, 0x0000,
  0x0000, 0x0000, 0x0000, 0x0000, 0x0034, 0x0048, 0x0094, 0x00A4, 0x0048, 0x00B0, 0x0000, 0x0000, 0x0000, 0x0000, 0x0000, 0x0000,
  0x0030, 0x0048, 0x0030, 0x0000, 0x0078, 0x0004, 0x007C, 0x0084, 0x0084, 0x007A, 0x0000, 0x0000, 0x0000, 0x0000, 0x0000, 0x0000,
  0x0000, 0x0000, 0x0072, 0x008C, 0x0000, 0x0000, 0x0000, 0x0000, 0x0000, 0x0000, 0x0000, 0x0000, 0x0000, 0x0000, 0x0000, 0x0000,
  0x0000, 0x0018, 0x0024, 0x0020, 0x0010, 0x0028, 0x0044, 0x0044, 0x0028, 0x0010, 0x0008, 0x0048, 0x0030, 0x0000, 0x0000, 0x0000,
  0x0000, 0x0044, 0x0000, 0x0038, 0x0044, 0x0082, 0x00FE, 0x0082, 0x0082, 0x0082, 0x0000, 0x0000, 0x0000, 0x0000, 0x0000, 0x0000,
  0x0000, 0x0044, 0x0000, 0x007C, 0x0082, 0x0082, 0x0082, 0x0082, 0x0082, 0x007C, 0x0000, 0x0000, 0x0000, 0x0000, 0x0000, 0x0000,
  0x0000, 0x0044, 0x0000, 0x0000, 0x0078, 0x0004, 0x007C, 0x0084, 0x0084, 0x007A, 0x0000, 0x0000, 0x0000, 0x0000, 0x0000, 0x0000,
  0x0000, 0x0048, 0x0000, 0x0000, 0x0078, 0x0084, 0x0084, 0x0084, 0x0084, 0x0078, 0x0000, 0x0000, 0x0000, 0x0000, 0x0000, 0x0000,
  0x0000, 0x0044, 0x0000, 0x0082, 0x0082, 0x0082, 0x0082, 0x0082, 0x0082, 0x007C, 0x0000, 0x0000, 0x0000, 0x0000, 0x0000, 0x0000,
  0x0000, 0x0048, 0x0000, 0x0000, 0x0084, 0x0084, 0x0084, 0x0084, 0x008C, 0x0074, 0x0000, 0x0000, 0x0000, 0x0000, 0x0000, 0x0000,
  0x0000, 0x0000, 0x0078, 0x0084, 0x0084, 0x0098, 0x0084, 0x0084, 0x0084, 0x00B8, 0x0080, 0x0080, 0x0080, 0x0000, 0x0000, 0x0000,
  0x0000, 0x0018, 0x0024, 0x0040, 0x0040, 0x0040, 0x00F0, 0x0040, 0x0042, 0x00FC, 0x0000, 0x0000, 0x0000, 0x0000, 0x0000, 0x0000,
  0x00C0, 0x0040, 0x0020, 0x0000, 0x0078, 0x0004, 0x007C, 0x0084, 0x0084, 0x007A, 0x0000, 0x0000, 0x0000, 0x0000, 0x0000, 0x0000,
  0x0000, 0x0030, 0x0048, 0x0048, 0x0030, 0x0000, 0x0000, 0x0000, 0x0000, 0x0000, 0x0000, 0x0000, 0x0000, 0x0000, 0x0000, 0x0000,
  0x0000, 0x0000, 0x0000, 0x0000, 0x0070, 0x0088, 0x0080, 0x0080, 0x0088, 0x0070, 0x0020, 0x0010, 0x0008, 0x0030, 0x0000, 0x0000,
  0x000C, 0x0008, 0x0010, 0x0000, 0x0078, 0x0084, 0x00FC, 0x0080, 0x0080, 0x0078, 0x0000, 0x0000, 0x0000, 0x0000, 0x0000, 0x0000,
  0x00C0, 0x0040, 0x0020, 0x0000, 0x0084, 0x0084, 0x0084, 0x0084, 0x008C, 0x0074, 0x0000, 0x0000, 0x0000, 0x0000, 0x0000, 0x0000,
  0x00C0, 0x0040, 0x0020, 0x0000, 0x0078, 0x0084, 0x00FC, 0x0080, 0x0080, 0x0078, 0x0000, 0x0000, 0x0000, 0x0000, 0x0000, 0x0000,
  0x0000, 0x0044, 0x0000, 0x0000, 0x0000, 0x0000, 0x0000, 0x0000, 0x0000, 0x0000, 0x0000, 0x0000, 0x0000, 0x0000, 0x0000, 0x0000,
  0x00C0, 0x0040, 0x0020, 0x0000, 0x0078, 0x0084, 0x0084, 0x0084, 0x0084, 0x0078, 0x0000, 0x0000, 0x0000, 0x0000, 0x0000, 0x0000,
  0x00C0, 0x0040, 0x0020, 0x0000, 0x0030, 0x0010, 0x0010, 0x0010, 0x0010, 0x0038, 0x0000, 0x0000, 0x0000, 0x0000, 0x0000, 0x0000,
  0x0064, 0x0098, 0x0000, 0x0082, 0x00C2, 0x00A2, 0x0092, 0x008A, 0x0086, 0x0082, 0x0000, 0x0000, 0x0000, 0x0000, 0x0000, 0x0000,
  0x0062, 0x0092, 0x008C, 0x0000, 0x00B8, 0x00C4, 0x0084, 0x0084, 0x0084, 0x0084, 0x0000, 0x0000, 0x0000, 0x0000, 0x0000, 0x0000,
  0x0064, 0x0098, 0x0000, 0x0038, 0x0044, 0x0082, 0x00FE, 0x0082, 0x0082, 0x0082, 0x0000, 0x0000, 0x0000, 0x0000, 0x0000, 0x0000,
  0x0000, 0x003C, 0x0042, 0x0080, 0x0080, 0x0080, 0x0080, 0x0080, 0x0042, 0x003C, 0x0010, 0x0008, 0x0004, 0x0018, 0x0000, 0x0000,
  0x0064, 0x0098, 0x0000, 0x0038, 0x0044, 0x0082, 0x0082, 0x0082, 0x0044, 0x0038, 0x0000, 0x0000, 0x0000, 0x0000, 0x0000, 0x0000,
  0x0062, 0x0092, 0x008C, 0x0000, 0x0078, 0x0004, 0x007C, 0x0084, 0x0084, 0x007A, 0x0000, 0x0000, 0x0000, 0x0000, 0x0000, 0x0000,
  0x0062, 0x0092, 0x008C, 0x0000, 0x0078, 0x0084, 0x0084, 0x0084, 0x0084, 0x0078, 0x0000, 0x0000, 0x0000, 0x0000, 0x0000, 0x0000,
  0x0066, 0x0018, 0x0000, 0x00FE, 0x0004, 0x0008, 0x0010, 0x0020, 0x0040, 0x00FE, 0x0000, 0x0000, 0x0000, 0x0000, 0x0000, 0x0000,
  0x000C, 0x0008, 0x0010, 0x003C, 0x0042, 0x0080, 0x0080, 0x0080, 0x0042, 0x003C, 0x0000, 0x0000, 0x0000, 0x0000, 0x0000, 0x0000,
  0x0066, 0x0018, 0x0000, 0x003C, 0x0042, 0x0080, 0x0080, 0x0080, 0x0042, 0x003C, 0x0000, 0x0000, 0x0000, 0x0000, 0x0000, 0x0000,
  0x0066, 0x0018, 0x0000, 0x007C, 0x0082, 0x0080, 0x007C, 0x0002, 0x0082, 0x007C, 0x0000, 0x0000, 0x0000, 0x0000, 0x0000, 0x0000,
  0x0000, 0x00CC, 0x0030, 0x0000, 0x00FC, 0x0008, 0x0010, 0x0020, 0x0040, 0x00FE, 0x0000, 0x0000, 0x0000, 0x0000, 0x0000, 0x0000,
  0x000C, 0x0008, 0x0010, 0x0000, 0x0078, 0x0084, 0x0080, 0x0080, 0x0084, 0x0078, 0x0000, 0x0000, 0x0000, 0x0000, 0x0000, 0x0000,
  0x0000, 0x00CC, 0x0030, 0x0000, 0x0078, 0x0084, 0x0080, 0x0080, 0x0084, 0x0078, 0x0000, 0x0000, 0x0000, 0x0000, 0x0000, 0x0000,
  0x0000, 0x00CC, 0x0030, 0x0000, 0x0078, 0x0084, 0x0060, 0x0018, 0x0084, 0x0078, 0x0000, 0x0000, 0x0000, 0x0000, 0x0000, 0x0000,
  0x0000, 0x0010, 0x007E, 0x0090, 0x0090, 0x007C, 0x0012, 0x0012, 0x00FC, 0x0010, 0x0000, 0x0000, 0x0000, 0x0000, 0x0000, 0x0000,
  0x0000, 0x0082, 0x0044, 0x0038, 0x0044, 0x0082, 0x0044, 0x0038, 0x0044, 0x0082, 0x0000, 0x0000, 0x0000, 0x0000, 0x0000, 0x0000,
  0x0000, 0x003C, 0x0020, 0x0020, 0x0020, 0x0020, 0x0020, 0x0020, 0x0020, 0x003C, 0x0000, 0x0000, 0x0000, 0x0000, 0x0000, 0x0000,
  0x0000, 0x0000, 0x0080, 0x0040, 0x0020, 0x0010, 0x0008, 0x0004, 0x0002, 0x0000, 0x0000, 0x0000, 0x0000, 0x0000, 0x0000, 0x0000,
  0x0000, 0x0078, 0x0008, 0x0008, 0x0008, 0x0008, 0x0008, 0x0008, 0x0008, 0x0078, 0x0000, 0x0000, 0x0000, 0x0000, 0x0000, 0x0000,
  0x0000, 0x001C, 0x0020, 0x0020, 0x0020, 0x0040, 0x0020, 0x0020, 0x0020, 0x001C, 0x0000, 0x0000, 0x0000, 0x0000, 0x0000, 0x0000,
  0x0000, 0x0010, 0x0010, 0x0010, 0x0000, 0x0000, 0x0010, 0x0010, 0x0010, 0x0000, 0x0000, 0x0000, 0x0000, 0x0000, 0x0000, 0x0000,
  0x0000, 0x0070, 0x0008, 0x0008, 0x0008, 0x0004, 0x0008, 0x0008, 0x0008, 0x0070, 0x0000, 0x0000, 0x0000, 0x0000, 0x0000, 0x0000,
  0x0000, 0x0040, 0x00A2, 0x0044, 0x0008, 0x0010, 0x0020, 0x0044, 0x008A, 0x0004, 0x0000, 0x0000, 0x0000, 0x0000, 0x0000, 0x0000,
  0x0000, 0x0070, 0x0088, 0x0088, 0x0050, 0x0020, 0x0052, 0x008C, 0x008C, 0x0072, 0x0000, 0x0000, 0x0000, 0x0000, 0x0000, 0x0000,
  0x0000, 0x0018, 0x0018, 0x0010, 0x0020, 0x0000, 0x0000, 0x0000, 0x0000, 0x0000, 0x0000, 0x0000, 0x0000, 0x0000, 0x0000, 0x0000,
  0x0000, 0x0010, 0x0028, 0x0044, 0x0082, 0x0000, 0x0000, 0x0000, 0x0000, 0x0000, 0x0000, 0x0000, 0x0000, 0x0000, 0x0000, 0x0000,
  0x0000, 0x0000, 0x0000, 0x0000, 0x0000, 0x0000, 0x0000, 0x0000, 0x0000, 0x0000, 0x00FF, 0x0000, 0x0000, 0x0000, 0x0000, 0x0000,
  0x0000, 0x0008, 0x0000, 0x0008, 0x0008, 0x0030, 0x0040, 0x0042, 0x0042, 0x003C, 0x0000, 0x0000, 0x0000, 0x0000, 0x0000, 0x0000,
  0x0000, 0x0010, 0x0010, 0x0000, 0x0010, 0x0010, 0x0010, 0x0010, 0x0010, 0x0010, 0x0000, 0x0000, 0x0000, 0x0000, 0x0000, 0x0000,
  0x0008, 0x0008, 0x0008, 0x0008, 0x0008, 0x0008, 0x0008, 0x0008, 0x0008, 0x0008, 0x0008, 0x0008, 0x0008, 0x0008, 0x0000, 0x0000,
  0x0000, 0x000C, 0x0008, 0x0010, 0x0020, 0x0000, 0x0000, 0x0000, 0x0000, 0x0000, 0x0000, 0x0000, 0x0000, 0x0000, 0x0000, 0x0000,
  0x0000, 0x0054, 0x0000, 0x0000, 0x0000, 0x0054, 0x0000, 0x0000, 0x0000, 0x0054, 0x0000, 0x0000, 0x0000, 0x0000, 0x0000, 0x0000,
  0x0000, 0x0054, 0x0000, 0x0000, 0x0000, 0x0054, 0x0000, 0x0000, 0x0000, 0x0054, 0x0000, 0x0000, 0x0000, 0x0000, 0x0000, 0x0000,
  0x0000, 0x0054, 0x0000, 0x0000, 0x0000, 0x0054, 0x0000, 0x0000, 0x0000, 0x0054, 0x0000, 0x0000, 0x0000, 0x0000, 0x0000, 0x0000,
  0x0000, 0x0054, 0x0000, 0x0000, 0x0000, 0x0054, 0x0000, 0x0000, 0x0000, 0x0054, 0x0000, 0x0000, 0x0000, 0x0000, 0x0000, 0x0000,
  0x0030, 0x0018, 0x0000, 0x0038, 0x0044, 0x0082, 0x00FE, 0x0082, 0x0082, 0x0082, 0x0000, 0x0000, 0x0000, 0x0000, 0x0000, 0x0000,
  0x0018, 0x0030, 0x0000, 0x0038, 0x0044, 0x0082, 0x00FE, 0x0082, 0x0082, 0x0082, 0x0000, 0x0000, 0x0000, 0x0000, 0x0000, 0x0000,
  0x0030, 0x00CC, 0x0000, 0x0038, 0x0044, 0x0082, 0x00FE, 0x0082, 0x0082, 0x0082, 0x0000, 0x0000, 0x0000, 0x0000, 0x0000, 0x0000,
  0x0064, 0x0098, 0x0000, 0x0038, 0x0044, 0x0082, 0x00FE, 0x0082, 0x0082, 0x0082, 0x0000, 0x0000, 0x0000, 0x0000, 0x0000, 0x0000,
  0x0000, 0x0038, 0x0044, 0x0082, 0x0082, 0x0082, 0x00FE, 0x0082, 0x0082, 0x0082, 0x0018, 0x0008, 0x0004, 0x0000, 0x0000, 0x0000,
  0x0030, 0x0018, 0x0000, 0x00FE, 0x0080, 0x0080, 0x00F0, 0x0080, 0x0080, 0x00FE, 0x0000, 0x0000, 0x0000, 0x0000, 0x0000, 0x0000,
  0x0018, 0x0030, 0x0000, 0x00FE, 0x0080, 0x0080, 0x00F0, 0x0080, 0x0080, 0x00FE, 0x0000, 0x0000, 0x0000, 0x0000, 0x0000, 0x0000,
  0x0064, 0x0098, 0x0000, 0x00FE, 0x0080, 0x0080, 0x00E0, 0x0080, 0x0080, 0x00FE, 0x0000, 0x0000, 0x0000, 0x0000, 0x0000, 0x0000,
  0x0000, 0x0044, 0x0000, 0x00FE, 0x0080, 0x0080, 0x00E0, 0x0080, 0x0080, 0x00FE, 0x0000, 0x0000, 0x0000, 0x0000, 0x0000, 0x0000,
  0x0000, 0x00FE, 0x0080, 0x0080, 0x0080, 0x00F0, 0x0080, 0x0080, 0x0080, 0x00FE, 0x0018, 0x0008, 0x0004, 0x0000, 0x0000, 0x0000,
  0x0084, 0x0078, 0x0000, 0x007C, 0x0080, 0x0080, 0x009E, 0x0082, 0x0042, 0x003C, 0x0000, 0x0000, 0x0000, 0x0000, 0x0000, 0x0000,
  0x0030, 0x0018, 0x0000, 0x007C, 0x0010, 0x0010, 0x0010, 0x0010, 0x0010, 0x007C, 0x0000, 0x0000, 0x0000, 0x0000, 0x0000, 0x0000,
  0x0018, 0x0030, 0x0000, 0x007C, 0x0010, 0x0010, 0x0010, 0x0010, 0x0010, 0x007C, 0x0000, 0x0000, 0x0000, 0x0000, 0x0000, 0x0000,
  0x0030, 0x00CC, 0x0000, 0x007C, 0x0010, 0x0010, 0x0010, 0x0010, 0x0010, 0x007C, 0x0000, 0x0000, 0x0000, 0x0000, 0x0000, 0x0000,
  0x0064, 0x0098, 0x0000, 0x007C, 0x0010, 0x0010, 0x0010, 0x0010, 0x0010, 0x007C, 0x0000, 0x0000, 0x0000, 0x0000, 0x0000, 0x0000,
  0x0000, 0x0030, 0x0000, 0x007C, 0x0010, 0x0010, 0x0010, 0x0010, 0x0010, 0x007C, 0x0000, 0x0000, 0x0000, 0x0000, 0x0000, 0x0000,
  0x0000, 0x0044, 0x0000, 0x007C, 0x0010, 0x0010, 0x0010, 0x0010, 0x0010, 0x007C, 0x0000, 0x0000, 0x0000, 0x0000, 0x0000, 0x0000,
  0x0018, 0x0030, 0x0000, 0x0082, 0x00C2, 0x00A2, 0x0092, 0x008A, 0x0086, 0x0082, 0x0000, 0x0000, 0x0000, 0x0000, 0x0000, 0x0000,
  0x0030, 0x0018, 0x0000, 0x0038, 0x0044, 0x0082, 0x0082, 0x0082, 0x0044, 0x0038, 0x0000, 0x0000, 0x0000, 0x0000, 0x0000, 0x0000,
  0x0018, 0x0030, 0x0000, 0x0038, 0x0044, 0x0082, 0x0082, 0x0082, 0x0044, 0x0038, 0x0000, 0x0000, 0x0000, 0x0000, 0x0000, 0x0000,
  0x0030, 0x00CC, 0x0000, 0x0038, 0x0044, 0x0082, 0x0082, 0x0082, 0x0044, 0x0038, 0x0000, 0x0000, 0x0000, 0x0000, 0x0000, 0x0000,
  0x0018, 0x0030, 0x0000, 0x007C, 0x0082, 0x0080, 0x007C, 0x0002, 0x0082, 0x007C, 0x0000, 0x0000, 0x0000, 0x0000, 0x0000, 0x0000,
  0x0000, 0x007C, 0x0082, 0x0080, 0x0080, 0x007C, 0x0002, 0x0002, 0x0082, 0x007C, 0x0018, 0x0008, 0x0004, 0x0000, 0x0000, 0x0000,
  0x0030, 0x0018, 0x0000, 0x0082, 0x0082, 0x0082, 0x0082, 0x0082, 0x0082, 0x007C, 0x0000, 0x0000, 0x0000, 0x0000, 0x0000, 0x0000,
  0x0018, 0x0030, 0x0000, 0x0082, 0x0082, 0x0082, 0x0082, 0x0082, 0x0082, 0x007C, 0x0000, 0x0000, 0x0000, 0x0000, 0x0000, 0x0000,
  0x0064, 0x0098, 0x0000, 0x0082, 0x0082, 0x0082, 0x0082, 0x0082, 0x0082, 0x007C, 0x0000, 0x0000, 0x0000, 0x0000, 0x0000, 0x0000,
  0x0030, 0x0018, 0x0082, 0x0082, 0x0044, 0x0028, 0x0010, 0x0010, 0x0010, 0x0010, 0x0000, 0x0000, 0x0000, 0x0000, 0x0000, 0x0000,
  0x0000, 0x0028, 0x0082, 0x0082, 0x0044, 0x0028, 0x0010, 0x0010, 0x0010, 0x0010, 0x0000, 0x0000, 0x0000, 0x0000, 0x0000, 0x0000,
  0x0018, 0x0030, 0x0000, 0x00FE, 0x0004, 0x0008, 0x0010, 0x0020, 0x0040, 0x00FE, 0x0000, 0x0000, 0x0000, 0x0000, 0x0000, 0x0000,
  0x0000, 0x0018, 0x0000, 0x00FE, 0x0004, 0x0008, 0x0010, 0x0020, 0x0040, 0x00FE, 0x0000, 0x0000, 0x0000, 0x0000, 0x0000, 0x0000,
  0x000C, 0x0008, 0x0010, 0x0000, 0x0070, 0x0008, 0x0078, 0x0088, 0x0088, 0x0074, 0x0000, 0x0000, 0x0000, 0x0000, 0x0000, 0x0000,
  0x0020, 0x0050, 0x0088, 0x0000, 0x0078, 0x0004, 0x007C, 0x0084, 0x0084, 0x007A, 0x0000, 0x0000, 0x0000, 0x0000, 0x0000, 0x0000,
  0x0000, 0x0000, 0x0000, 0x0000, 0x0078, 0x0004, 0x007C, 0x0084, 0x0084, 0x007A, 0x0030, 0x0018, 0x0004, 0x0000, 0x0000, 0x0000,
  0x0020, 0x0050, 0x0088, 0x0000, 0x0078, 0x0084, 0x00FC, 0x0080, 0x0080, 0x0078, 0x0000, 0x0000, 0x0000, 0x0000, 0x0000, 0x0000,
  0x0000, 0x0048, 0x0000, 0x0000, 0x0078, 0x0084, 0x00FC, 0x0080, 0x0080, 0x0078, 0x0000, 0x0000, 0x0000, 0x0000, 0x0000, 0x0000,
  0x0000, 0x0000, 0x0000, 0x0000, 0x0078, 0x0084, 0x00FC, 0x0080, 0x0080, 0x0078, 0x0030, 0x0018, 0x0004, 0x0000, 0x0000, 0x0000,
  0x0000, 0x0084, 0x0078, 0x0000, 0x0074, 0x008C, 0x0084, 0x0084, 0x008C, 0x0074, 0x0004, 0x0084, 0x0078, 0x0000, 0x0000, 0x0000,
  0x000C, 0x0008, 0x0010, 0x0000, 0x0030, 0x0010, 0x0010, 0x0010, 0x0010, 0x0038, 0x0000, 0x0000, 0x0000, 0x0000, 0x0000, 0x0000,
  0x0010, 0x0028, 0x0044, 0x0000, 0x0030, 0x0010, 0x0010, 0x0010, 0x0010, 0x0038, 0x0000, 0x0000, 0x0000, 0x0000, 0x0000, 0x0000,
  0x0062, 0x0092, 0x008C, 0x0000, 0x0030, 0x0010, 0x0010, 0x0010, 0x0010, 0x0038, 0x0000, 0x0000, 0x0000, 0x0000, 0x0000, 0x0000,
  0x0000, 0x0048, 0x0000, 0x0000, 0x0030, 0x0010, 0x0010, 0x0010, 0x0010, 0x0038, 0x0000, 0x0000, 0x0000, 0x0000, 0x0000, 0x0000,
  0x000C, 0x0008, 0x0010, 0x0000, 0x00B8, 0x00C4, 0x0084, 0x0084, 0x0084, 0x0084, 0x0000, 0x0000, 0x0000, 0x0000, 0x0000, 0x0000,
  0x000C, 0x0008, 0x0010, 0x0000, 0x0078, 0x0084, 0x0084, 0x0084, 0x0084, 0x0078, 0x0000, 0x0000, 0x0000, 0x0000, 0x0000, 0x0000,
  0x0020, 0x0050, 0x0088, 0x0000, 0x0078, 0x0084, 0x0084, 0x0084, 0x0084, 0x0078, 0x0000, 0x0000, 0x0000, 0x0000, 0x0000, 0x0000,
  0x000C, 0x0008, 0x0010, 0x0000, 0x0078, 0x0084, 0x0060, 0x0018, 0x0084, 0x0078, 0x0000, 0x0000, 0x0000, 0x0000, 0x0000, 0x0000,
  0x0000, 0x0000, 0x0000, 0x0000, 0x0078, 0x0084, 0x0060, 0x0018, 0x0084, 0x0078, 0x0030, 0x0018, 0x0004, 0x0000, 0x0000, 0x0000,
  0x000C, 0x0008, 0x0010, 0x0000, 0x0084, 0x0084, 0x0084, 0x0084, 0x008C, 0x0074, 0x0000, 0x0000, 0x0000, 0x0000, 0x0000, 0x0000,
  0x0020, 0x0050, 0x0088, 0x0000, 0x0084, 0x0084, 0x0084, 0x0084, 0x008C, 0x0074, 0x0000, 0x0000, 0x0000, 0x0000, 0x0000, 0x0000,
  0x0062, 0x0092, 0x008C, 0x0000, 0x0084, 0x0084, 0x0084, 0x0084, 0x008C, 0x0074, 0x0000, 0x0000, 0x0000, 0x0000, 0x0000, 0x0000,
  0x000C, 0x0008, 0x0010, 0x0000, 0x0084, 0x0084, 0x0084, 0x0084, 0x008C, 0x0074, 0x0004, 0x0084, 0x0078, 0x0000, 0x0000, 0x0000,
  0x0000, 0x0048, 0x0000, 0x0000, 0x0084, 0x0084, 0x0084, 0x0084, 0x008C, 0x0074, 0x0004, 0x0084, 0x0078, 0x0000, 0x0000, 0x0000,
  0x000C, 0x0008, 0x0010, 0x0000, 0x00FC, 0x0008, 0x0010, 0x0020, 0x0040, 0x00FE, 0x0000, 0x0000, 0x0000, 0x0000, 0x0000, 0x0000,
  0x0000, 0x0000, 0x0030, 0x0000, 0x00FC, 0x0008, 0x0010, 0x0020, 0x0040, 0x00FE, 0x0000, 0x0000, 0x0000, 0x0000, 0x0000, 0x0000,
  0x00C0, 0x0040, 0x0020, 0x0000, 0x0000, 0x0000, 0x0000, 0x0000, 0x0000, 0x0000, 0x0000, 0x0000, 0x0000, 0x0000, 0x0000, 0x0000,
  0x000C, 0x0008, 0x0010, 0x0000, 0x0000, 0x0000, 0x0000, 0x0000, 0x0000, 0x0000, 0x0000, 0x0000, 0x0000, 0x0000, 0x0000, 0x0000,
  0x0010, 0x0028, 0x0044, 0x0000, 0x0000, 0x0000, 0x0000, 0x0000, 0x0000, 0x0000, 0x0000, 0x0000, 0x0000, 0x0000, 0x0000, 0x0000,
  0x0062, 0x0092, 0x008C, 0x0000, 0x0000, 0x0000, 0x0000, 0x0000, 0x0000, 0x0000, 0x0000, 0x0000, 0x0000, 0x0000, 0x0000, 0x0000,
  0x0066, 0x0018, 0x0000, 0x0000, 0x0000, 0x0000, 0x0000, 0x0000, 0x0000, 0x0000, 0x0000, 0x0000, 0x0000, 0x0000, 0x0000, 0x0000,
  0x0000, 0x0030, 0x0000, 0x0000, 0x0000, 0x0000, 0x0000, 0x0000, 0x0000, 0x0000, 0x0000, 0x0000, 0x0000, 0x0000, 0x0000, 0x0000,
  0x0000, 0x0044, 0x0000, 0x0000, 0x0000, 0x0000, 0x0000, 0x0000, 0x0000, 0x0000, 0x0000, 0x0000, 0x0000, 0x0000, 0x0000, 0x0000,
  0x0000, 0x0044, 0x0000, 0x0000, 0x0000, 0x0000, 0x0000, 0x0000, 0x0000, 0x0000, 0x0000, 0x0000, 0x0000, 0x0000, 0x0000, 0x0000,
  0x0030, 0x0048, 0x0030, 0x0000, 0x0000, 0x0000, 0x0000, 0x0000, 0x0000, 0x0000, 0x0000, 0x0000, 0x0000, 0x0000, 0x0000, 0x0000,
  0x0000, 0x0000, 0x0000, 0x0000, 0x0000, 0x0000, 0x0000, 0x0000, 0x0000, 0x0000, 0x0018, 0x0008, 0x0004, 0x0000, 0x0000, 0x0000,
  0x0000, 0x0054, 0x0000, 0x0000, 0x0000, 0x0054, 0x0000, 0x0000, 0x0000, 0x0054, 0x0000, 0x0000, 0x0000, 0x0000, 0x0000, 0x0000,
  0x0000, 0x0082, 0x0044, 0x0028, 0x0010, 0x0038, 0x0044, 0x0044, 0x0044, 0x0038, 0x0000, 0x0000, 0x0000, 0x0000, 0x0000, 0x0000,
  0x0000, 0x0000, 0x0010, 0x0010, 0x007C, 0x0092, 0x0090, 0x0090, 0x0092, 0x007C, 0x0010, 0x0010, 0x0000, 0x0000, 0x0000, 0x0000,
  0x0000, 0x0082, 0x0082, 0x0044, 0x0028, 0x0010, 0x00FE, 0x0010, 0x00FE, 0x0010, 0x0000, 0x0000, 0x0000, 0x0000, 0x0000, 0x0000,
  0x0000, 0x0000, 0x0000, 0x0000, 0x0084, 0x0042, 0x0042, 0x008C, 0x00B0, 0x00C0, 0x0000, 0x0000, 0x0000, 0x0000, 0x0000, 0x0000,
  0x0000, 0x0000, 0x0012, 0x0024, 0x0048, 0x0090, 0x0048, 0x0024, 0x0012, 0x0000, 0x0000, 0x0000, 0x0000, 0x0000, 0x0000, 0x0000,
  0x0042, 0x00A4, 0x0048, 0x0010, 0x0020, 0x0040, 0x0080, 0x0024, 0x005A, 0x0024, 0x0000, 0x0000, 0x0000, 0x0000, 0x0000, 0x0000,
  0x0000, 0x0000, 0x0000, 0x0000, 0x0044, 0x0028, 0x0010, 0x0028, 0x0044, 0x0000, 0x0000, 0x0000, 0x0000, 0x0000, 0x0000, 0x0000,
  0x0000, 0x007E, 0x00A4, 0x00A4, 0x0064, 0x0024, 0x0024, 0x0024, 0x0024, 0x0024, 0x0000, 0x0000, 0x0000, 0x0000, 0x0000, 0x0000,
  0x0000, 0x0000, 0x0090, 0x0048, 0x0024, 0x0012, 0x0024, 0x0048, 0x0090, 0x0000, 0x0000, 0x0000, 0x0000, 0x0000, 0x0000, 0x0000,
  0x0000, 0x0040, 0x00C0, 0x0042, 0x0044, 0x00E8, 0x0010, 0x0024, 0x004C, 0x0084, 0x0004, 0x000E, 0x0000, 0x0000, 0x0000, 0x0000,
  0x0000, 0x0040, 0x00C0, 0x0042, 0x0044, 0x00E8, 0x0010, 0x002C, 0x0052, 0x0084, 0x0008, 0x001E, 0x0000, 0x0000, 0x0000, 0x0000,
  0x0000, 0x0040, 0x00C0, 0x0042, 0x0044, 0x00E8, 0x0010, 0x003E, 0x0044, 0x0088, 0x0024, 0x0018, 0x0000, 0x0000, 0x0000, 0x0000,
  0x0000, 0x0040, 0x00C0, 0x0042, 0x0044, 0x00E8, 0x0010, 0x0022, 0x0046, 0x008A, 0x001E, 0x0002, 0x0000, 0x0000, 0x0000, 0x0000,
  0x0000, 0x0060, 0x0090, 0x0022, 0x0044, 0x00F8, 0x0010, 0x003E, 0x0044, 0x0088, 0x0024, 0x0018, 0x0000, 0x0000, 0x0000, 0x0000,
  0x0000, 0x00F8, 0x0010, 0x0022, 0x0094, 0x0068, 0x0010, 0x0022, 0x0046, 0x008A, 0x001E, 0x0002, 0x0000, 0x0000, 0x0000, 0x0000,
  0x0000, 0x0054, 0x0000, 0x0000, 0x0000, 0x0054, 0x0000, 0x0000, 0x0000, 0x0054, 0x0000, 0x0000, 0x0000, 0x0000, 0x0000, 0x0000,
  0x0000, 0x0000, 0x0000, 0x0018, 0x0024, 0x003C, 0x0024, 0x0024, 0x0000, 0x0000, 0x0000, 0x0000, 0x0000, 0x0000, 0x0000, 0x0000,
  0x0000, 0x0000, 0x0000, 0x0022, 0x0032, 0x002A, 0x0026, 0x0022, 0x0000, 0x0000, 0x0000, 0x0000, 0x0000, 0x0000, 0x0000, 0x0000,
  0x0000, 0x0000, 0x0000, 0x003C, 0x0020, 0x0038, 0x0020, 0x0020, 0x0000, 0x0000, 0x0000, 0x0000, 0x0000, 0x0000, 0x0000, 0x0000,
  0x0000, 0x0000, 0x0000, 0x0022, 0x0036, 0x002A, 0x0022, 0x0022, 0x0000, 0x0000, 0x0000, 0x0000, 0x0000, 0x0000, 0x0000, 0x0000,
  0x0000, 0x0000, 0x0000, 0x003E, 0x0008, 0x0008, 0x0008, 0x0008, 0x0000, 0x0000, 0x0000, 0x0000, 0x0000, 0x0000, 0x0000, 0x0000,
  0x0000, 0x0000, 0x0000, 0x0038, 0x0024, 0x0024, 0x0024, 0x0038, 0x0000, 0x0000, 0x0000, 0x0000, 0x0000, 0x0000, 0x0000, 0x0000,
  0x0000, 0x0054, 0x0000, 0x0000, 0x0000, 0x0054, 0x0000, 0x0000, 0x0000, 0x0054, 0x0000, 0x0000, 0x0000, 0x0000, 0x0000, 0x0000,
  0x0000, 0x0054, 0x0000, 0x0000, 0x0000, 0x0054, 0x0000, 0x0000, 0x0000, 0x0054, 0x0000, 0x0000, 0x0000, 0x0000, 0x0000, 0x0000,
  0x0000, 0x0000, 0x0000, 0x0038, 0x0020, 0x0038, 0x0008, 0x0038, 0x0000, 0x0000, 0x0000, 0x0000, 0x0000, 0x0000, 0x0000, 0x0000,
  0x0000, 0x0054, 0x0000, 0x0000, 0x0000, 0x0054, 0x0000, 0x0000, 0x0000, 0x0054, 0x0000, 0x0000, 0x0000, 0x0000, 0x0000, 0x0000,
  0x0000, 0x0054, 0x0000, 0x0000, 0x0000, 0x0054, 0x0000, 0x0000, 0x0000, 0x0054, 0x0000, 0x0000, 0x0000, 0x0000, 0x0000, 0x0000,
  0x0000, 0x0054, 0x0000, 0x0000, 0x0000, 0x0054, 0x0000, 0x0000, 0x0000, 0x0054, 0x0000, 0x0000, 0x0000, 0x0000, 0x0000, 0x0000,
  0x0000, 0x0054, 0x0000, 0x0000, 0x0000, 0x0054, 0x0000, 0x0000, 0x0000, 0x0054, 0x0000, 0x0000, 0x0000, 0x0000, 0x0000, 0x0000,
  0x0000, 0x0054, 0x0000, 0x0000, 0x0000, 0x0054, 0x0000, 0x0000, 0x0000, 0x0054, 0x0000, 0x0000, 0x0000, 0x0000, 0x0000, 0x0000,
  0x0000, 0x0054, 0x0000, 0x0000, 0x0000, 0x0054, 0x0000, 0x0000, 0x0000, 0x0054, 0x0000, 0x0000, 0x0000, 0x0000, 0x0000, 0x0000,
  0x0000, 0x0054, 0x0000, 0x0000, 0x0000, 0x0054, 0x0000, 0x0000, 0x0000, 0x0054, 0x0000, 0x0000, 0x0000, 0x0000, 0x0000, 0x0000,
  0x0000, 0x0000, 0x0000, 0x0038, 0x0044, 0x0082, 0x0082, 0x0044, 0x0028, 0x00EE, 0x0000, 0x0000, 0x0000, 0x0000, 0x0000, 0x0000,
  0x0000, 0x00F0, 0x0080, 0x0080, 0x0080, 0x0080, 0x0080, 0x0080, 0x0080, 0x00F0, 0x0000, 0x0000, 0x0000, 0x0000, 0x0000, 0x0000,
  0x0000, 0x00F8, 0x0044, 0x0042, 0x0042, 0x00F2, 0x0042, 0x0042, 0x0044, 0x00F0, 0x0000, 0x0000, 0x0000, 0x0000, 0x0000, 0x0000,
  0x0000, 0x0000, 0x0038, 0x0048, 0x0048, 0x0034, 0x0000, 0x0000, 0x00FE, 0x0000, 0x0000, 0x0000, 0x0000, 0x0000, 0x0000, 0x0000,
  0x0000, 0x0044, 0x00FE, 0x0044, 0x0044, 0x007C, 0x0044, 0x0044, 0x0044, 0x0044, 0x0000, 0x0000, 0x0000, 0x0000, 0x0000, 0x0000,
  0x0000, 0x0000, 0x0000, 0x0080, 0x0040, 0x0020, 0x0010, 0x0008, 0x0004, 0x0002, 0x0000, 0x0000, 0x0000, 0x0000, 0x0000, 0x0000,
  0x0000, 0x0082, 0x0082, 0x0082, 0x0082, 0x0082, 0x0082, 0x00A2, 0x00A2, 0x009C, 0x0000, 0x0000, 0x0000, 0x0000, 0x0000, 0x0000,
  0x0000, 0x0080, 0x0080, 0x0080, 0x008C, 0x008C, 0x0080, 0x0080, 0x0080, 0x00FE, 0x0000, 0x0000, 0x0000, 0x0000, 0x0000, 0x0000,
  0x0000, 0x0040, 0x0050, 0x0060, 0x0040, 0x00C0, 0x0040, 0x0040, 0x0040, 0x007E, 0x0000, 0x0000, 0x0000, 0x0000, 0x0000, 0x0000,
  0x0000, 0x0038, 0x0040, 0x0040, 0x0040, 0x0080, 0x0040, 0x0040, 0x0040, 0x0038, 0x0000, 0x0000, 0x0000, 0x0000, 0x0000, 0x0000,
  0x0000, 0x006E, 0x0098, 0x0088, 0x0088, 0x008C, 0x0088, 0x0088, 0x0098, 0x006E, 0x0000, 0x0000, 0x0000, 0x0000, 0x0000, 0x0000,
  0x0000, 0x0000, 0x0038, 0x0044, 0x0044, 0x0044, 0x0038, 0x0000, 0x00FE, 0x0000, 0x0000, 0x0000, 0x0000, 0x0000, 0x0000, 0x0000,
  0x00E0, 0x0040, 0x0078, 0x0044, 0x0044, 0x0078, 0x0040, 0x0040, 0x0040, 0x00E0, 0x0000, 0x0000, 0x0000, 0x0000, 0x0000, 0x0000,
  0x0000, 0x00FE, 0x0010, 0x0010, 0x0010, 0x0010, 0x007C, 0x0010, 0x0010, 0x0010, 0x0000, 0x0000, 0x0000, 0x0000, 0x0000, 0x0000,
  0x0000, 0x0000, 0x00B8, 0x00C4, 0x0082, 0x0082, 0x0082, 0x0082, 0x0082, 0x0082, 0x0002, 0x0004, 0x0018, 0x0000, 0x0000, 0x0000,
  0x00C0, 0x00C0, 0x0040, 0x0000, 0x005C, 0x0062, 0x0042, 0x0042, 0x0042, 0x0042, 0x0000, 0x0000, 0x0000, 0x0000, 0x0000, 0x0000,
  0x0000, 0x0000, 0x0000, 0x0000, 0x0090, 0x00A0, 0x00C0, 0x00A0, 0x0090, 0x0088, 0x0000, 0x0000, 0x0000, 0x0000, 0x0000, 0x0000,
  0x0000, 0x001E, 0x0002, 0x0002, 0x0002, 0x0002, 0x0002, 0x0002, 0x0002, 0x001E, 0x0000, 0x0000, 0x0000, 0x0000, 0x0000, 0x0000,
  0x0000, 0x0004, 0x003E, 0x0004, 0x0004, 0x0034, 0x004C, 0x0084, 0x004C, 0x0034, 0x0000, 0x0000, 0x0000, 0x0000, 0x0000, 0x0000,
  0x0000, 0x0088, 0x0050, 0x0020, 0x0050, 0x0088, 0x0014, 0x0022, 0x0022, 0x001C, 0x0000, 0x0000, 0x0000, 0x0000, 0x0000, 0x0000,
  0x0000, 0x0040, 0x00F8, 0x0040, 0x0040, 0x0058, 0x0064, 0x0042, 0x0042, 0x0042, 0x0000, 0x0000, 0x0000, 0x0000, 0x0000, 0x0000,
  0x0000, 0x0000, 0x0000, 0x0000, 0x0030, 0x0010, 0x0010, 0x0010, 0x0010, 0x0038, 0x0000, 0x0000, 0x0000, 0x0000, 0x0000, 0x0000,
  0x0000, 0x0044, 0x0000, 0x0000, 0x00CC, 0x0044, 0x0044, 0x0044, 0x0044, 0x00E4, 0x0004, 0x0004, 0x0024, 0x0018, 0x0000, 0x0000,
  0x0000, 0x0060, 0x0020, 0x0020, 0x0026, 0x0026, 0x0020, 0x0020, 0x0020, 0x0070, 0x0000, 0x0000, 0x0000, 0x0000, 0x0000, 0x0000,
  0x0000, 0x0060, 0x0028, 0x0030, 0x0020, 0x0060, 0x00A0, 0x0020, 0x0020, 0x0070, 0x0000, 0x0000, 0x0000, 0x0000, 0x0000, 0x0000,
  0x0000, 0x0038, 0x0004, 0x0004, 0x0004, 0x0002, 0x0004, 0x0004, 0x0004, 0x0038, 0x0000, 0x0000, 0x0000, 0x0000, 0x0000, 0x0000,
  0x0000, 0x0000, 0x0000, 0x0000, 0x006C, 0x0092, 0x009E, 0x0090, 0x0092, 0x006C, 0x0000, 0x0000, 0x0000, 0x0000, 0x0000, 0x0000,
  0x0000, 0x0070, 0x0088, 0x0088, 0x00F0, 0x0088, 0x0084, 0x0084, 0x00C4, 0x00B8, 0x0000, 0x0000, 0x0000, 0x0000, 0x0000, 0x0000,
  0x0000, 0x0000, 0x0000, 0x0080, 0x0080, 0x00F8, 0x0084, 0x0084, 0x00F8, 0x0080, 0x0080, 0x0080, 0x0080, 0x0080, 0x0000, 0x0000,
  0x0000, 0x0020, 0x0020, 0x00F8, 0x0020, 0x0020, 0x00F8, 0x0020, 0x0022, 0x001C, 0x0000, 0x0000, 0x0000, 0x0000, 0x0000, 0x0000,
  0x0000, 0x0000, 0x0000, 0x0000, 0x00B8, 0x00C4, 0x0082, 0x0082, 0x0082, 0x0082, 0x0002, 0x0004, 0x0018, 0x0000, 0x0000, 0x0000,
  0x0000, 0x00FE, 0x0000, 0x0000, 0x0000, 0x0000, 0x0000, 0x0000, 0x0000, 0x0000, 0x0000, 0x0000, 0x0000, 0x0000, 0x0000, 0x0000,
  0x0000, 0x0010, 0x0020, 0x0030, 0x0030, 0x0000, 0x0000, 0x0000, 0x0000, 0x0000, 0x0000, 0x0000, 0x0000, 0x0000, 0x0000, 0x0000,
  0x0000, 0x0010, 0x0008, 0x0018, 0x0018, 0x0000, 0x0000, 0x0000, 0x0000, 0x0000, 0x0000, 0x0000, 0x0000, 0x0000, 0x0000, 0x0000,
  0x0000, 0x0000, 0x0038, 0x0044, 0x0082, 0x0082, 0x0082, 0x0044, 0x0038, 0x0000, 0x0000, 0x0000, 0x0000, 0x0000, 0x0000, 0x0000,
  0x0000, 0x0000, 0x0000, 0x0018, 0x0030, 0x0040, 0x0000, 0x0000, 0x0000, 0x00FC, 0x0000, 0x0000, 0x0000, 0x0000, 0x0000, 0x0000,
  0x0000, 0x0018, 0x0030, 0x0040, 0x0000, 0x0000, 0x0000, 0x00FC, 0x0000, 0x00FC, 0x0000, 0x0000, 0x0000, 0x0000, 0x0000, 0x0000,
  0x0000, 0x0000, 0x0000, 0x0030, 0x0018, 0x0004, 0x0000, 0x0000, 0x0000, 0x00FC, 0x0000, 0x0000, 0x0000, 0x0000, 0x0000, 0x0000,
  0x0000, 0x0030, 0x0018, 0x0004, 0x0000, 0x0000, 0x0000, 0x00FC, 0x0000, 0x00FC, 0x0000, 0x0000, 0x0000, 0x0000, 0x0000, 0x0000,
  0x0000, 0x0000, 0x0000, 0x0020, 0x0050, 0x0088, 0x0000, 0x0000, 0x0000, 0x00FC, 0x0000, 0x0000, 0x0000, 0x0000, 0x0000, 0x0000,
  0x0000, 0x0020, 0x0050, 0x0088, 0x0000, 0x0000, 0x0000, 0x00FC, 0x0000, 0x00FC, 0x0000, 0x0000, 0x0000, 0x0000, 0x0000, 0x0000,
  0x0000, 0x0000, 0x0000, 0x0088, 0x0050, 0x0020, 0x0000, 0x0000, 0x0000, 0x00FC, 0x0000, 0x0000, 0x0000, 0x0000, 0x0000, 0x0000,
  0x0000, 0x0088, 0x0050, 0x0020, 0x0000, 0x0000, 0x0000, 0x00FC, 0x0000, 0x00FC, 0x0000, 0x0000, 0x0000, 0x0000, 0x0000, 0x0000,
  0x0000, 0x0000, 0x0000, 0x0088, 0x0088, 0x0070, 0x0000, 0x0000, 0x0000, 0x00FC, 0x0000, 0x0000, 0x0000, 0x0000, 0x0000, 0x0000,
  0x0000, 0x0088, 0x0088, 0x0070, 0x0000, 0x0000, 0x0000, 0x00FC, 0x0000, 0x00FC, 0x0000, 0x0000, 0x0000, 0x0000, 0x0000, 0x0000,
  0x0000, 0x0000, 0x0000, 0x00CC, 0x00CC, 0x0000, 0x0000, 0x0000, 0x0000, 0x00FC, 0x0000, 0x0000, 0x0000, 0x0000, 0x0000, 0x0000,
  0x0000, 0x00CC, 0x00CC, 0x0000, 0x0000, 0x0000, 0x0000, 0x00FC, 0x0000, 0x00FC, 0x0000, 0x0000, 0x0000, 0x0000, 0x0000, 0x0000,
  0x0000, 0x0000, 0x0000, 0x0030, 0x0048, 0x0048, 0x0030, 0x0000, 0x0000, 0x00FC, 0x0000, 0x0000, 0x0000, 0x0000, 0x0000, 0x0000,
  0x0000, 0x0030, 0x0048, 0x0048, 0x0030, 0x0000, 0x0000, 0x00FC, 0x0000, 0x00FC, 0x0000, 0x0000, 0x0000, 0x0000, 0x0000, 0x0000,
  0x0000, 0x0000, 0x0000, 0x0040, 0x00A8, 0x0010, 0x0000, 0x0000, 0x0000, 0x00FC, 0x0000, 0x0000, 0x0000, 0x0000, 0x0000, 0x0000,
  0x0000, 0x0040, 0x00A8, 0x0010, 0x0000, 0x0000, 0x0000, 0x00FC, 0x0000, 0x00FC, 0x0000, 0x0000, 0x0000, 0x0000, 0x0000, 0x0000,
  0x0000, 0x0000, 0x0000, 0x0030, 0x0030, 0x0000, 0x0000, 0x0000, 0x0000, 0x00FC, 0x0000, 0x0000, 0x0000, 0x0000, 0x0000, 0x0000,
  0x0000, 0x0030, 0x0030, 0x0000, 0x0000, 0x0000, 0x0000, 0x00FC, 0x0000, 0x00FC, 0x0000, 0x0000, 0x0000, 0x0000, 0x0000, 0x0000,
  0x0000, 0x0000, 0x0000, 0x0070, 0x0088, 0x0088, 0x0000, 0x0000, 0x0000, 0x00FC, 0x0000, 0x0000, 0x0000, 0x0000, 0x0000, 0x0000,
  0x0000, 0x0070, 0x0088, 0x0088, 0x0000, 0x0000, 0x0000, 0x00FC, 0x0000, 0x00FC, 0x0000, 0x0000, 0x0000, 0x0000, 0x0000, 0x0000,
  0x0000, 0x0054, 0x0000, 0x0000, 0x0000, 0x0054, 0x0000, 0x0000, 0x0000, 0x0054, 0x0000, 0x0000, 0x0000, 0x0000, 0x0000, 0x0000,
  0x0000, 0x0054, 0x0000, 0x0000, 0x0000, 0x0054, 0x0000, 0x0000, 0x0000, 0x0054, 0x0000, 0x0000, 0x0000, 0x0000, 0x0000, 0x0000,
  0x0000, 0x0054, 0x0000, 0x0000, 0x0000, 0x0054, 0x0000, 0x0000, 0x0000, 0x0054, 0x0000, 0x0000, 0x0000, 0x0000, 0x0000, 0x0000,
  0x0000, 0x0054, 0x0000, 0x0000, 0x0000, 0x0054, 0x0000, 0x0000, 0x0000, 0x0054, 0x0000, 0x0000, 0x0000, 0x0000, 0x0000, 0x0000,
  0x0000, 0x0054, 0x0000, 0x0000, 0x0000, 0x0054, 0x0000, 0x0000, 0x0000, 0x0054, 0x0000, 0x0000, 0x0000, 0x0000, 0x0000, 0x0000,
  0x0000, 0x0054, 0x0000, 0x0000, 0x0000, 0x0054, 0x0000, 0x0000, 0x0000, 0x0054, 0x0000, 0x0000, 0x0000, 0x0000, 0x0000, 0x0000,
  0x0000, 0x0054, 0x0000, 0x0000, 0x0000, 0x0054, 0x0000, 0x0000, 0x0000, 0x0054, 0x0000, 0x0000, 0x0000, 0x0000, 0x0000, 0x0000,
  0x0000, 0x0054, 0x0000, 0x0000, 0x0000, 0x0054, 0x0000, 0x0000, 0x0000, 0x0054, 0x0000, 0x0000, 0x0000, 0x0000, 0x0000, 0x0000,
  0x0000, 0x0054, 0x0000, 0x0000, 0x0000, 0x0054, 0x0000, 0x0000, 0x0000, 0x0054, 0x0000, 0x0000, 0x0000, 0x0000, 0x0000, 0x0000,
  0x0000, 0x0054, 0x0000, 0x0000, 0x0000, 0x0054, 0x0000, 0x0000, 0x0000, 0x0054, 0x0000, 0x0000, 0x0000, 0x0000, 0x0000, 0x0000,
  0x0000, 0x0054, 0x0000, 0x0000, 0x0000, 0x0054, 0x0000, 0x0000, 0x0000, 0x0054, 0x0000, 0x0000, 0x0000, 0x0000, 0x0000, 0x0000,
  0x0000, 0x0054, 0x0000, 0x0000, 0x0000, 0x0054, 0x0000, 0x0000, 0x0000, 0x0054, 0x0000, 0x0000, 0x0000, 0x0000, 0x0000, 0x0000,
  0x0000, 0x0054, 0x0000, 0x0000, 0x0000, 0x0054, 0x0000, 0x0000, 0x0000, 0x0054, 0x0000, 0x0000, 0x0000, 0x0000, 0x0000, 0x0000,
  0x0000, 0x0054, 0x0000, 0x0000, 0x0000, 0x0054, 0x0000, 0x0000, 0x0000, 0x0054, 0x0000, 0x0000, 0x0000, 0x0000, 0x0000, 0x0000,
  0x0000, 0x0054, 0x0000, 0x0000, 0x0000, 0x0054, 0x0000, 0x0000, 0x0000, 0x0054, 0x0000, 0x0000, 0x0000, 0x0000, 0x0000, 0x0000,
  0x0000, 0x0054, 0x0000, 0x0000, 0x0000, 0x0054, 0x0000, 0x0000, 0x0000, 0x0054, 0x0000, 0x0000, 0x0000, 0x0000, 0x0000, 0x0000,
  0x0000, 0x0054, 0x0000, 0x0000, 0x0000, 0x0054, 0x0000, 0x0000, 0x0000, 0x0054, 0x0000, 0x0000, 0x0000, 0x0000, 0x0000, 0x0000,
  0x0000, 0x0054, 0x0000, 0x0000, 0x0000, 0x0054, 0x0000, 0x0000, 0x0000, 0x0054, 0x0000, 0x0000, 0x0000, 0x0000, 0x0000, 0x0000,
  0x0000, 0x0054, 0x0000, 0x0000, 0x0000, 0x0054, 0x0000, 0x0000, 0x0000, 0x0054, 0x0000, 0x0000, 0x0000, 0x0000, 0x0000, 0x0000,
  0x0000, 0x0054, 0x0000, 0x0000, 0x0000, 0x0054, 0x0000, 0x0000, 0x0000, 0x0054, 0x0000, 0x0000, 0x0000, 0x0000, 0x0000, 0x0000,
  0x0000, 0x0054, 0x0000, 0x0000, 0x0000, 0x0054, 0x0000, 0x0000, 0x0000, 0x0054, 0x0000, 0x0000, 0x0000, 0x0000, 0x0000, 0x0000,
  0x0000, 0x0054, 0x0000, 0x0000, 0x0000, 0x0054, 0x0000, 0x0000, 0x0000, 0x0054, 0x0000, 0x0000, 0x0000, 0x0000, 0x0000, 0x0000,
  0x0000, 0x0054, 0x0000, 0x0000, 0x0000, 0x0054, 0x0000, 0x0000, 0x0000, 0x0054, 0x0000, 0x0000, 0x0000, 0x0000, 0x0000, 0x0000,
  0x0000, 0x0054, 0x0000, 0x0000, 0x0000, 0x0054, 0x0000, 0x0000, 0x0000, 0x0054, 0x0000, 0x0000, 0x0000, 0x0000, 0x0000, 0x0000,
  0x0000, 0x0054, 0x0000, 0x0000, 0x0000, 0x0054, 0x0000, 0x0000, 0x0000, 0x0054, 0x0000, 0x0000, 0x0000, 0x0000, 0x0000, 0x0000,
  0x0000, 0x0054, 0x0000, 0x0000, 0x0000, 0x0054, 0x0000, 0x0000, 0x0000, 0x0054, 0x0000, 0x0000, 0x0000, 0x0000, 0x0000, 0x0000,
  0x0000, 0x0054, 0x0000, 0x0000, 0x0000, 0x0054, 0x0000, 0x0000, 0x0000, 0x0054, 0x0000, 0x0000, 0x0000, 0x0000, 0x0000, 0x0000,
  0x0000, 0x0054, 0x0000, 0x0000, 0x0000, 0x0054, 0x0000, 0x0000, 0x0000, 0x0054, 0x0000, 0x0000, 0x0000, 0x0000, 0x0000, 0x0000,
  0x0000, 0x0054, 0x0000, 0x0000, 0x0000, 0x0054, 0x0000, 0x0000, 0x0000, 0x0054, 0x0000, 0x0000, 0x0000, 0x0000, 0x0000, 0x0000,
  0x0000, 0x0054, 0x0000, 0x0000, 0x0000, 0x0054, 0x0000, 0x0000, 0x0000, 0x0054, 0x0000, 0x0000, 0x0000, 0x0000, 0x0000, 0x0000,
  0x0000, 0x0054, 0x0000, 0x0000, 0x0000, 0x0054, 0x0000, 0x0000, 0x0000, 0x0054, 0x0000, 0x0000, 0x0000, 0x0000, 0x0000, 0x0000,
  0x0000, 0x0054, 0x0000, 0x0000, 0x0000, 0x0054, 0x0000, 0x0000, 0x0000, 0x0054, 0x0000, 0x0000, 0x0000, 0x0000, 0x0000, 0x0000,
  0x0000, 0x0054, 0x0000, 0x0000, 0x0000, 0x0054, 0x0000, 0x0000, 0x0000, 0x0054, 0x0000, 0x0000, 0x0000, 0x0000, 0x0000, 0x0000,
  0x0000, 0x0054, 0x0000, 0x0000, 0x0000, 0x0054, 0x0000, 0x0000, 0x0000, 0x0054, 0x0000, 0x0000, 0x0000, 0x0000, 0x0000, 0x0000,
  0x0000, 0x0054, 0x0000, 0x0000, 0x0000, 0x0054, 0x0000, 0x0000, 0x0000, 0x0054, 0x0000, 0x0000, 0x0000, 0x0000, 0x0000, 0x0000,
  0x0000, 0x0054, 0x0000, 0x0000, 0x0000, 0x0054, 0x0000, 0x0000, 0x0000, 0x0054, 0x0000, 0x0000, 0x0000, 0x0000, 0x0000, 0x0000,
  0x0000, 0x0054, 0x0000, 0x0000, 0x0000, 0x0054, 0x0000, 0x0000, 0x0000, 0x0054, 0x0000, 0x0000, 0x0000, 0x0000, 0x0000, 0x0000,
  0x0000, 0x0054, 0x0000, 0x0000, 0x0000, 0x0054, 0x0000, 0x0000, 0x0000, 0x0054, 0x0000, 0x0000, 0x0000, 0x0000, 0x0000, 0x0000,
  0x0000, 0x0054, 0x0000, 0x0000, 0x0000, 0x0054, 0x0000, 0x0000, 0x0000, 0x0054, 0x0000, 0x0000, 0x0000, 0x0000, 0x0000, 0x0000,
  0x0000, 0x0054, 0x0000, 0x0000, 0x0000, 0x0054, 0x0000, 0x0000, 0x0000, 0x0054, 0x0000, 0x0000, 0x0000, 0x0000, 0x0000, 0x0000,
  0x0000, 0x0054, 0x0000, 0x0000, 0x0000, 0x0054, 0x0000, 0x0000, 0x0000, 0x0054, 0x0000, 0x0000, 0x0000, 0x0000, 0x0000, 0x0000,
  0x0000, 0x003C, 0x0042, 0x0040, 0x003C, 0x0042, 0x0042, 0x003C, 0x0002, 0x0042, 0x003C, 0x0000, 0x0000, 0x0000, 0x0000, 0x0000,
  0x0000, 0x0070, 0x0088, 0x0088, 0x00F0, 0x0088, 0x0084, 0x0084, 0x0088, 0x00B0, 0x0000, 0x0000, 0x0000, 0x0000, 0x0000, 0x0000,
  0x0000, 0x0010, 0x0008, 0x0008, 0x0008, 0x0010, 0x0000, 0x0000, 0x0000, 0x0000, 0x0000, 0x0000, 0x0000, 0x0000, 0x0000, 0x0000,
  0x0000, 0x0054, 0x0000, 0x0000, 0x0000, 0x0054, 0x0000, 0x0000, 0x0000, 0x0054, 0x0000, 0x0000, 0x0000, 0x0000, 0x0000, 0x0000,
  0x0000, 0x003C, 0x0012, 0x0012, 0x0012, 0x003C, 0x0000, 0x0000, 0x0000, 0x0000, 0x0000, 0x0000, 0x0000, 0x0000, 0x0000, 0x0000,
  0x0000, 0x003C, 0x0020, 0x0038, 0x0020, 0x003C, 0x0000, 0x0000, 0x0000, 0x0000, 0x0000, 0x0000, 0x0000, 0x0000, 0x0000, 0x0000,
  0x0000, 0x003C, 0x0020, 0x0038, 0x0020, 0x0020, 0x0000, 0x0000, 0x0000, 0x0000, 0x0000, 0x0000, 0x0000, 0x0000, 0x0000, 0x0000,
  0x0000, 0x001C, 0x0020, 0x002C, 0x0024, 0x0018, 0x0000, 0x0000, 0x0000, 0x0000, 0x0000, 0x0000, 0x0000, 0x0000, 0x0000, 0x0000,
  0x0000, 0x0022, 0x0022, 0x003E, 0x0022, 0x0022, 0x0000, 0x0000, 0x0000, 0x0000, 0x0000, 0x0000, 0x0000, 0x0000, 0x0000, 0x0000,
  0x0000, 0x001C, 0x0008, 0x0008, 0x0008, 0x001C, 0x0000, 0x0000, 0x0000, 0x0000, 0x0000, 0x0000, 0x0000, 0x0000, 0x0000, 0x0000,
  0x0000, 0x001C, 0x0004, 0x0004, 0x0014, 0x0008, 0x0000, 0x0000, 0x0000, 0x0000, 0x0000, 0x0000, 0x0000, 0x0000, 0x0000, 0x0000,
  0x0000, 0x0024, 0x0028, 0x0030, 0x0028, 0x0024, 0x0000, 0x0000, 0x0000, 0x0000, 0x0000, 0x0000, 0x0000, 0x0000, 0x0000, 0x0000,
  0x0000, 0x0020, 0x0020, 0x0020, 0x0020, 0x003C, 0x0000, 0x0000, 0x0000, 0x0000, 0x0000, 0x0000, 0x0000, 0x0000, 0x0000, 0x0000,
  0x0000, 0x0022, 0x0036, 0x002A, 0x0022, 0x0022, 0x0000, 0x0000, 0x0000, 0x0000, 0x0000, 0x0000, 0x0000, 0x0000, 0x0000, 0x0000,
  0x0000, 0x0022, 0x0032, 0x002A, 0x0026, 0x0022, 0x0000, 0x0000, 0x0000, 0x0000, 0x0000, 0x0000, 0x0000, 0x0000, 0x0000, 0x0000,
  0x0000, 0x001C, 0x0022, 0x0022, 0x0022, 0x001C, 0x0000, 0x0000, 0x0000, 0x0000, 0x0000, 0x0000, 0x0000, 0x0000, 0x0000, 0x0000,
  0x0000, 0x003C, 0x0022, 0x003C, 0x0020, 0x0020, 0x0000, 0x0000, 0x0000, 0x0000, 0x0000, 0x0000, 0x0000, 0x0000, 0x0000, 0x0000,
  0x0000, 0x001C, 0x0022, 0x0022, 0x0026, 0x001E, 0x0001, 0x0000, 0x0000, 0x0000, 0x0000, 0x0000, 0x0000, 0x0000, 0x0000, 0x0000,
  0x0000, 0x0038, 0x0024, 0x003C, 0x0028, 0x0024, 0x0000, 0x0000, 0x0000, 0x0000, 0x0000, 0x0000, 0x0000, 0x0000, 0x0000, 0x0000,
  0x0000, 0x001C, 0x0020, 0x0018, 0x0004, 0x0038, 0x0000, 0x0000, 0x0000, 0x0000, 0x0000, 0x0000, 0x0000, 0x0000, 0x0000, 0x0000,
  0x0000, 0x003E, 0x0008, 0x0008, 0x0008, 0x0008, 0x0000, 0x0000, 0x0000, 0x0000, 0x0000, 0x0000, 0x0000, 0x0000, 0x0000, 0x0000,
  0x0000, 0x0022, 0x0022, 0x0022, 0x0022, 0x001C, 0x0000, 0x0000, 0x0000, 0x0000, 0x0000, 0x0000, 0x0000, 0x0000, 0x0000, 0x0000,
  0x0000, 0x0022, 0x0022, 0x0014, 0x0014, 0x0008, 0x0000, 0x0000, 0x0000, 0x0000, 0x0000, 0x0000, 0x0000, 0x0000, 0x0000, 0x0000,
  0x0000, 0x0022, 0x002A, 0x002A, 0x002A, 0x001C, 0x0000, 0x0000, 0x0000, 0x0000, 0x0000, 0x0000, 0x0000, 0x0000, 0x0000, 0x0000,
  0x0000, 0x0022, 0x0014, 0x0008, 0x0014, 0x0022, 0x0000, 0x0000, 0x0000, 0x0000, 0x0000, 0x0000, 0x0000, 0x0000, 0x0000, 0x0000,
  0x0000, 0x0022, 0x0022, 0x0014, 0x0008, 0x0008, 0x0000, 0x0000, 0x0000, 0x0000, 0x0000, 0x0000, 0x0000, 0x0000, 0x0000, 0x0000,
  0x0000, 0x003E, 0x0004, 0x0008, 0x0010, 0x003E, 0x0000, 0x0000, 0x0000, 0x0000, 0x0000, 0x0000, 0x0000, 0x0000, 0x0000, 0x0000,
  0x0000, 0x0054, 0x0000, 0x0000, 0x0000, 0x0054, 0x0000, 0x0000, 0x0000, 0x0054, 0x0000, 0x0000, 0x0000, 0x0000, 0x0000, 0x0000,
  0x0000, 0x0054, 0x0000, 0x0000, 0x0000, 0x0054, 0x0000, 0x0000, 0x0000, 0x0054, 0x0000, 0x0000, 0x0000, 0x0000, 0x0000, 0x0000,
  0x0000, 0x0054, 0x0000, 0x0000, 0x0000, 0x0054, 0x0000, 0x0000, 0x0000, 0x0054, 0x0000, 0x0000, 0x0000, 0x0000, 0x0000, 0x0000,
  0x0000, 0x0054, 0x0000, 0x0000, 0x0000, 0x0054, 0x0000, 0x0000, 0x0000, 0x0054, 0x0000, 0x0000, 0x0000, 0x0000, 0x0000, 0x0000,
  0x0000, 0x0054, 0x0000, 0x0000, 0x0000, 0x0054, 0x0000, 0x0000, 0x0000, 0x0054, 0x0000, 0x0000, 0x0000, 0x0000, 0x0000, 0x0000,
  0x0000, 0x0000, 0x0000, 0x0000, 0x0000, 0x0000, 0x0000, 0x0004, 0x0008, 0x0010, 0x0020, 0x0040, 0x0000, 0x0000, 0x0000, 0x0000,
  0x0000, 0x0000, 0x0000, 0x0000, 0x0000, 0x0000, 0x0000, 0x0008, 0x0010, 0x0010, 0x0010, 0x0008, 0x0000, 0x0000, 0x0000, 0x0000,
  0x0000, 0x0000, 0x0000, 0x0000, 0x0000, 0x0000, 0x0000, 0x0010, 0x0008, 0x0008, 0x0008, 0x0010, 0x0000, 0x0000, 0x0000, 0x0000,
  0x0000, 0x0054, 0x0000, 0x0000, 0x0000, 0x0054, 0x0000, 0x0000, 0x0000, 0x0054, 0x0000, 0x0000, 0x0000, 0x0000, 0x0000, 0x0000,
  0x0000, 0x0000, 0x0000, 0x0000, 0x0000, 0x0000, 0x0000, 0x003C, 0x0012, 0x0012, 0x0012, 0x003C, 0x0000, 0x0000, 0x0000, 0x0000,
  0x0000, 0x0000, 0x0000, 0x0000, 0x0000, 0x0000, 0x0000, 0x003C, 0x0020, 0x0038, 0x0020, 0x003C, 0x0000, 0x0000, 0x0000, 0x0000,
  0x0000, 0x0000, 0x0000, 0x0000, 0x0000, 0x0000, 0x0000, 0x003C, 0x0020, 0x0038, 0x0020, 0x0020, 0x0000, 0x0000, 0x0000, 0x0000,
  0x0000, 0x0000, 0x0000, 0x0000, 0x0000, 0x0000, 0x0000, 0x001C, 0x0020, 0x002C, 0x0024, 0x0018, 0x0000, 0x0000, 0x0000, 0x0000,
  0x0000, 0x0000, 0x0000, 0x0000, 0x0000, 0x0000, 0x0000, 0x0022, 0x0022, 0x003E, 0x0022, 0x0022, 0x0000, 0x0000, 0x0000, 0x0000,
  0x0000, 0x0000, 0x0000, 0x0000, 0x0000, 0x0000, 0x0000, 0x001C, 0x0008, 0x0008, 0x0008, 0x001C, 0x0000, 0x0000, 0x0000, 0x0000,
  0x0000, 0x0000, 0x0000, 0x0000, 0x0000, 0x0000, 0x0000, 0x001C, 0x0004, 0x0004, 0x0014, 0x0008, 0x0000, 0x0000, 0x0000, 0x0000,
  0x0000, 0x0000, 0x0000, 0x0000, 0x0000, 0x0000, 0x0000, 0x0024, 0x0028, 0x0030, 0x0028, 0x0024, 0x0000, 0x0000, 0x0000, 0x0000,
  0x0000, 0x0000, 0x0000, 0x0000, 0x0000, 0x0000, 0x0000, 0x0020, 0x0020, 0x0020, 0x0020, 0x003C, 0x0000, 0x0000, 0x0000, 0x0000,
  0x0000, 0x0000, 0x0000, 0x0000, 0x0000, 0x0000, 0x0000, 0x0022, 0x0036, 0x002A, 0x0022, 0x0022, 0x0000, 0x0000, 0x0000, 0x0000,
  0x0000, 0x0000, 0x0000, 0x0000, 0x0000, 0x0000, 0x0000, 0x0022, 0x0032, 0x002A, 0x0026, 0x0022, 0x0000, 0x0000, 0x0000, 0x0000,
  0x0000, 0x0000, 0x0000, 0x0000, 0x0000, 0x0000, 0x0000, 0x001C, 0x0022, 0x0022, 0x0022, 0x001C, 0x0000, 0x0000, 0x0000, 0x0000,
  0x0000, 0x0000, 0x0000, 0x0000, 0x0000, 0x0000, 0x0000, 0x003C, 0x0022, 0x003C, 0x0020, 0x0020, 0x0000, 0x0000, 0x0000, 0x0000,
  0x0000, 0x0000, 0x0000, 0x0000, 0x0000, 0x0000, 0x0000, 0x001C, 0x0022, 0x0022, 0x0026, 0x001E, 0x0001, 0x0000, 0x0000, 0x0000,
  0x0000, 0x0000, 0x0000, 0x0000, 0x0000, 0x0000, 0x0000, 0x0038, 0x0024, 0x003C, 0x0028, 0x0024, 0x0000, 0x0000, 0x0000, 0x0000,
  0x0000, 0x0000, 0x0000, 0x0000, 0x0000, 0x0000, 0x0000, 0x001C, 0x0020, 0x0018, 0x0004, 0x0038, 0x0000, 0x0000, 0x0000, 0x0000,
  0x0000, 0x0000, 0x0000, 0x0000, 0x0000, 0x0000, 0x0000, 0x003E, 0x0008, 0x0008, 0x0008, 0x0008, 0x0000, 0x0000, 0x0000, 0x0000,
  0x0000, 0x0000, 0x0000, 0x0000, 0x0000, 0x0000, 0x0000, 0x0022, 0x0022, 0x0022, 0x0022, 0x001C, 0x0000, 0x0000, 0x0000, 0x0000,
  0x0000, 0x0000, 0x0000, 0x0000, 0x0000, 0x0000, 0x0000, 0x0022, 0x0022, 0x0014, 0x0014, 0x0008, 0x0000, 0x0000, 0x0000, 0x0000,
  0x0000, 0x0000, 0x0000, 0x0000, 0x0000, 0x0000, 0x0000, 0x0022, 0x002A, 0x002A, 0x002A, 0x001C, 0x0000, 0x0000, 0x0000, 0x0000,
  0x0000, 0x0000, 0x0000, 0x0000, 0x0000, 0x0000, 0x0000, 0x0022, 0x0014, 0x0008, 0x0014, 0x0022, 0x0000, 0x0000, 0x0000, 0x0000,
  0x0000, 0x0000, 0x0000, 0x0000, 0x0000, 0x0000, 0x0000, 0x0022, 0x0022, 0x0014, 0x0008, 0x0008, 0x0000, 0x0000, 0x0000, 0x0000,
  0x0000, 0x0000, 0x0000, 0x0000, 0x0000, 0x0000, 0x0000, 0x003E, 0x0004, 0x0008, 0x0010, 0x003E, 0x0000, 0x0000, 0x0000, 0x0000,
  0x0000, 0x0054, 0x0000, 0x0000, 0x0000, 0x0054, 0x0000, 0x0000, 0x0000, 0x0054, 0x0000, 0x0000, 0x0000, 0x0000, 0x0000, 0x0000,
  0x0000, 0x0054, 0x0000, 0x0000, 0x0000, 0x0054, 0x0000, 0x0000, 0x0000, 0x0054, 0x0000, 0x0000, 0x0000, 0x0000, 0x0000, 0x0000,
  0x0000, 0x0054, 0x0000, 0x0000, 0x0000, 0x0054, 0x0000, 0x0000, 0x0000, 0x0054, 0x0000, 0x0000, 0x0000, 0x0000, 0x0000, 0x0000,
  0x0000, 0x0054, 0x0000, 0x0000, 0x0000, 0x0054, 0x0000, 0x0000, 0x0000, 0x0054, 0x0000, 0x0000, 0x0000, 0x0000, 0x0000, 0x0000,
  0x0000, 0x0054, 0x0000, 0x0000, 0x0000, 0x0054, 0x0000, 0x0000, 0x0000, 0x0054, 0x0000, 0x0000, 0x0000, 0x0000, 0x0000, 0x0000,
  0x0000, 0x0054, 0x0000, 0x0000, 0x0000, 0x0054, 0x0000, 0x0000, 0x0000, 0x0054, 0x0000, 0x0000, 0x0000, 0x0000, 0x0000, 0x0000,
  0x0000, 0x0018, 0x0004, 0x001C, 0x0024, 0x001E, 0x0000, 0x0000, 0x0000, 0x0000, 0x0000, 0x0000, 0x0000, 0x0000, 0x0000, 0x0000,
  0x0000, 0x0020, 0x0020, 0x0038, 0x0024, 0x0038, 0x0000, 0x0000, 0x0000, 0x0000, 0x0000, 0x0000, 0x0000, 0x0000, 0x0000, 0x0000,
  0x0000, 0x0000, 0x0018, 0x0020, 0x0020, 0x0018, 0x0000, 0x0000, 0x0000, 0x0000, 0x0000, 0x0000, 0x0000, 0x0000, 0x0000, 0x0000,
  0x0000, 0x0004, 0x0004, 0x001C, 0x0024, 0x001C, 0x0000, 0x0000, 0x0000, 0x0000, 0x0000, 0x0000, 0x0000, 0x0000, 0x0000, 0x0000,
  0x0000, 0x001C, 0x0022, 0x003C, 0x0020, 0x001C, 0x0000, 0x0000, 0x0000, 0x0000, 0x0000, 0x0000, 0x0000, 0x0000, 0x0000, 0x0000,
  0x0000, 0x0008, 0x0014, 0x0010, 0x0038, 0x0010, 0x0010, 0x0010, 0x0000, 0x0000, 0x0000, 0x0000, 0x0000, 0x0000, 0x0000, 0x0000,
  0x0000, 0x0000, 0x0018, 0x0024, 0x0024, 0x001C, 0x0004, 0x0038, 0x0000, 0x0000, 0x0000, 0x0000, 0x0000, 0x0000, 0x0000, 0x0000,
  0x0000, 0x0020, 0x0020, 0x0038, 0x0024, 0x0024, 0x0000, 0x0000, 0x0000, 0x0000, 0x0000, 0x0000, 0x0000, 0x0000, 0x0000, 0x0000,
  0x0000, 0x0010, 0x0000, 0x0030, 0x0010, 0x0038, 0x0000, 0x0000, 0x0000, 0x0000, 0x0000, 0x0000, 0x0000, 0x0000, 0x0000, 0x0000,
  0x0000, 0x0008, 0x0000, 0x0018, 0x0008, 0x0008, 0x0028, 0x0010, 0x0000, 0x0000, 0x0000, 0x0000, 0x0000, 0x0000, 0x0000, 0x0000,
  0x0000, 0x0020, 0x0028, 0x0030, 0x0030, 0x0028, 0x0000, 0x0000, 0x0000, 0x0000, 0x0000, 0x0000, 0x0000, 0x0000, 0x0000, 0x0000,
  0x0000, 0x0030, 0x0010, 0x0010, 0x0010, 0x0038, 0x0000, 0x0000, 0x0000, 0x0000, 0x0000, 0x0000, 0x0000, 0x0000, 0x0000, 0x0000,
  0x0000, 0x0000, 0x003C, 0x002A, 0x002A, 0x002A, 0x0000, 0x0000, 0x0000, 0x0000, 0x0000, 0x0000, 0x0000, 0x0000, 0x0000, 0x0000,
  0x0000, 0x0000, 0x002C, 0x0012, 0x0012, 0x0012, 0x0000, 0x0000, 0x0000, 0x0000, 0x0000, 0x0000, 0x0000, 0x0000, 0x0000, 0x0000,
  0x0000, 0x0000, 0x0018, 0x0024, 0x0024, 0x0018, 0x0000, 0x0000, 0x0000, 0x0000, 0x0000, 0x0000, 0x0000, 0x0000, 0x0000, 0x0000,
  0x0000, 0x0000, 0x0018, 0x0024, 0x0024, 0x0038, 0x0020, 0x0020, 0x0000, 0x0000, 0x0000, 0x0000, 0x0000, 0x0000, 0x0000, 0x0000,
  0x0000, 0x0000, 0x0018, 0x0024, 0x0024, 0x001C, 0x000E, 0x0004, 0x0000, 0x0000, 0x0000, 0x0000, 0x0000, 0x0000, 0x0000, 0x0000,
  0x0000, 0x0000, 0x002C, 0x0012, 0x0010, 0x0010, 0x0000, 0x0000, 0x0000, 0x0000, 0x0000, 0x0000, 0x0000, 0x0000, 0x0000, 0x0000,
  0x0000, 0x0000, 0x000C, 0x0010, 0x0008, 0x0030, 0x0000, 0x0000, 0x0000, 0x0000, 0x0000, 0x0000, 0x0000, 0x0000, 0x0000, 0x0000,
  0x0000, 0x0010, 0x0038, 0x0010, 0x0014, 0x0008, 0x0000, 0x0000, 0x0000, 0x0000, 0x0000, 0x0000, 0x0000, 0x0000, 0x0000, 0x0000,
  0x0000, 0x0000, 0x0024, 0x0024, 0x0024, 0x0018, 0x0000, 0x0000, 0x0000, 0x0000, 0x0000, 0x0000, 0x0000, 0x0000, 0x0000, 0x0000,
  0x0000, 0x0000, 0x0022, 0x0022, 0x0014, 0x0008, 0x0000, 0x0000, 0x0000, 0x0000, 0x0000, 0x0000, 0x0000, 0x0000, 0x0000, 0x0000,
  0x0000, 0x0000, 0x002A, 0x002A, 0x002A, 0x0014, 0x0000, 0x0000, 0x0000, 0x0000, 0x0000, 0x0000, 0x0000, 0x0000, 0x0000, 0x0000,
  0x0000, 0x0000, 0x0024, 0x0018, 0x0018, 0x0024, 0x0000, 0x0000, 0x0000, 0x0000, 0x0000, 0x0000, 0x0000, 0x0000, 0x0000, 0x0000,
  0x0000, 0x0000, 0x0024, 0x0024, 0x0024, 0x001C, 0x0004, 0x0018, 0x0000, 0x0000, 0x0000, 0x0000, 0x0000, 0x0000, 0x0000, 0x0000,
  0x0000, 0x0000, 0x003C, 0x0008, 0x0010, 0x003C, 0x0000, 0x0000, 0x0000, 0x0000, 0x0000, 0x0000, 0x0000, 0x0000, 0x0000, 0x0000,
  0x0000, 0x0054, 0x0000, 0x0000, 0x0000, 0x0054, 0x0000, 0x0000, 0x0000, 0x0054, 0x0000, 0x0000, 0x0000, 0x0000, 0x0000, 0x0000,
  0x0000, 0x0054, 0x0000, 0x0000, 0x0000, 0x0054, 0x0000, 0x0000, 0x0000, 0x0054, 0x0000, 0x0000, 0x0000, 0x0000, 0x0000, 0x0000,
  0x0000, 0x0054, 0x0000, 0x0000, 0x0000, 0x0054, 0x0000, 0x0000, 0x0000, 0x0054, 0x0000, 0x0000, 0x0000, 0x0000, 0x0000, 0x0000,
  0x0000, 0x0054, 0x0000, 0x0000, 0x0000, 0x0054, 0x0000, 0x0000, 0x0000, 0x0054, 0x0000, 0x0000, 0x0000, 0x0000, 0x0000, 0x0000,
  0x0000, 0x0054, 0x0000, 0x0000, 0x0000, 0x0054, 0x0000, 0x0000, 0x0000, 0x0054, 0x0000, 0x0000, 0x0000, 0x0000, 0x0000, 0x0000,
  0x0000, 0x0054, 0x0000, 0x0000, 0x0000, 0x0054, 0x0000, 0x0000, 0x0000, 0x0054, 0x0000, 0x0000, 0x0000, 0x0000, 0x0000, 0x0000,
  0x0000, 0x0000, 0x0000, 0x0000, 0x0000, 0x0000, 0x0000, 0x0018, 0x0004, 0x001C, 0x0024, 0x001E, 0x0000, 0x0000, 0x0000, 0x0000,
  0x0000, 0x0000, 0x0000, 0x0000, 0x0000, 0x0000, 0x0000, 0x0020, 0x0020, 0x0038, 0x0024, 0x0038, 0x0000, 0x0000, 0x0000, 0x0000,
  0x0000, 0x0000, 0x0000, 0x0000, 0x0000, 0x0000, 0x0000, 0x0000, 0x0018, 0x0020, 0x0020, 0x0018, 0x0000, 0x0000, 0x0000, 0x0000,
  0x0000, 0x0000, 0x0000, 0x0000, 0x0000, 0x0000, 0x0000, 0x0004, 0x0004, 0x001C, 0x0024, 0x001C, 0x0000, 0x0000, 0x0000, 0x0000,
  0x0000, 0x0000, 0x0000, 0x0000, 0x0000, 0x0000, 0x0000, 0x001C, 0x0022, 0x003C, 0x0020, 0x001C, 0x0000, 0x0000, 0x0000, 0x0000,
  0x0000, 0x0000, 0x0000, 0x0000, 0x0000, 0x0000, 0x0000, 0x0008, 0x0014, 0x0010, 0x0038, 0x0010, 0x0010, 0x0010, 0x0000, 0x0000,
  0x0000, 0x0000, 0x0000, 0x0000, 0x0000, 0x0000, 0x0000, 0x0000, 0x0018, 0x0024, 0x0024, 0x001C, 0x0004, 0x0038, 0x0000, 0x0000,
  0x0000, 0x0000, 0x0000, 0x0000, 0x0000, 0x0000, 0x0000, 0x0020, 0x0020, 0x0038, 0x0024, 0x0024, 0x0000, 0x0000, 0x0000, 0x0000,
  0x0000, 0x0000, 0x0000, 0x0000, 0x0000, 0x0000, 0x0000, 0x0010, 0x0000, 0x0030, 0x0010, 0x0038, 0x0000, 0x0000, 0x0000, 0x0000,
  0x0000, 0x0000, 0x0000, 0x0000, 0x0000, 0x0000, 0x0000, 0x0008, 0x0000, 0x0008, 0x0008, 0x0008, 0x0028, 0x0010, 0x0000, 0x0000,
  0x0000, 0x0000, 0x0000, 0x0000, 0x0000, 0x0000, 0x0000, 0x0020, 0x0028, 0x0030, 0x0030, 0x0028, 0x0000, 0x0000, 0x0000, 0x0000,
  0x0000, 0x0000, 0x0000, 0x0000, 0x0000, 0x0000, 0x0000, 0x0030, 0x0010, 0x0010, 0x0010, 0x0038, 0x0000, 0x0000, 0x0000, 0x0000,
  0x0000, 0x0000, 0x0000, 0x0000, 0x0000, 0x0000, 0x0000, 0x0000, 0x003C, 0x002A, 0x002A, 0x002A, 0x0000, 0x0000, 0x0000, 0x0000,
  0x0000, 0x0000, 0x0000, 0x0000, 0x0000, 0x0000, 0x0000, 0x0000, 0x002C, 0x0012, 0x0012, 0x0012, 0x0000, 0x0000, 0x0000, 0x0000,
  0x0000, 0x0000, 0x0000, 0x0000, 0x0000, 0x0000, 0x0000, 0x0000, 0x0018, 0x0024, 0x0024, 0x0018, 0x0000, 0x0000, 0x0000, 0x0000,
  0x0000, 0x0000, 0x0000, 0x0000, 0x0000, 0x0000, 0x0000, 0x0000, 0x0018, 0x0024, 0x0024, 0x0038, 0x0020, 0x0020, 0x0000, 0x0000,
  0x0000, 0x0000, 0x0000, 0x0000, 0x0000, 0x0000, 0x0000, 0x0000, 0x0018, 0x0024, 0x0024, 0x001C, 0x000E, 0x0004, 0x0000, 0x0000,
  0x0000, 0x0000, 0x0000, 0x0000, 0x0000, 0x0000, 0x0000, 0x0000, 0x002C, 0x0012, 0x0010, 0x0010, 0x0000, 0x0000, 0x0000, 0x0000,
  0x0000, 0x0000, 0x0000, 0x0000, 0x0000, 0x0000, 0x0000, 0x0000, 0x000C, 0x0010, 0x0008, 0x0030, 0x0000, 0x0000, 0x0000, 0x0000,
  0x0000, 0x0000, 0x0000, 0x0000, 0x0000, 0x0000, 0x0000, 0x0010, 0x0038, 0x0010, 0x0014, 0x0008, 0x0000, 0x0000, 0x0000, 0x0000,
  0x0000, 0x0000, 0x0000, 0x0000, 0x0000, 0x0000, 0x0000, 0x0000, 0x0024, 0x0024, 0x0024, 0x0018, 0x0000, 0x0000, 0x0000, 0x0000,
  0x0000, 0x0000, 0x0000, 0x0000, 0x0000, 0x0000, 0x0000, 0x0000, 0x0022, 0x0022, 0x0014, 0x0008, 0x0000, 0x0000, 0x0000, 0x0000,
  0x0000, 0x0000, 0x0000, 0x0000, 0x0000, 0x0000, 0x0000, 0x0000, 0x002A, 0x002A, 0x002A, 0x0014, 0x0000, 0x0000, 0x0000, 0x0000,
  0x0000, 0x0000, 0x0000, 0x0000, 0x0000, 0x0000, 0x0000, 0x0000, 0x0024, 0x0018, 0x0018, 0x0024, 0x0000, 0x0000, 0x0000, 0x0000,
  0x0000, 0x0000, 0x0000, 0x0000, 0x0000, 0x0000, 0x0000, 0x0000, 0x0024, 0x0024, 0x0024, 0x001C, 0x0004, 0x0018, 0x0000, 0x0000,
  0x0000, 0x0000, 0x0000, 0x0000, 0x0000, 0x0000, 0x0000, 0x0000, 0x003C, 0x0008, 0x0010, 0x003C, 0x0000, 0x0000, 0x0000, 0x0000,
  0x0000, 0x0054, 0x0000, 0x0000, 0x0000, 0x0054, 0x0000, 0x0000, 0x0000, 0x0054, 0x0000, 0x0000, 0x0000, 0x0000, 0x0000, 0x0000,
  0x0000, 0x0054, 0x0000, 0x0000, 0x0000, 0x0054, 0x0000, 0x0000, 0x0000, 0x0054, 0x0000, 0x0000, 0x0000, 0x0000, 0x0000, 0x0000,
  0x0000, 0x0054, 0x0000, 0x0000, 0x0000, 0x0054, 0x0000, 0x0000, 0x0000, 0x0054, 0x0000, 0x0000, 0x0000, 0x0000, 0x0000, 0x0000,
  0x0000, 0x0054, 0x0000, 0x0000, 0x0000, 0x0054, 0x0000, 0x0000, 0x0000, 0x0054, 0x0000, 0x0000, 0x0000, 0x0000, 0x0000, 0x0000,
  0x0000, 0x0054, 0x0000, 0x0000, 0x0000, 0x0054, 0x0000, 0x0000, 0x0000, 0x0054, 0x0000, 0x0000, 0x0000, 0x0000, 0x0000, 0x0000,
  0x0000, 0x0000, 0x0000, 0x0000, 0x0000, 0x0000, 0x0000, 0x0008, 0x0018, 0x0028, 0x0028, 0x0048, 0x0048, 0x0088, 0x0000, 0x0000,
  0x0000, 0x0000, 0x0000, 0x0000, 0x0000, 0x0000, 0x0000, 0x0008, 0x0008, 0x0014, 0x0022, 0x0041, 0x0041, 0x0081, 0x0000, 0x0000,
  0x0000, 0x0000, 0x0000, 0x0000, 0x0000, 0x0000, 0x0000, 0x000F, 0x0010, 0x0020, 0x0020, 0x0040, 0x0040, 0x0080, 0x0000, 0x0000,
  0x0001, 0x0002, 0x0002, 0x0004, 0x0004, 0x0008, 0x0008, 0x0010, 0x0010, 0x0020, 0x0020, 0x0040, 0x0040, 0x0080, 0x0000, 0x0000,
  0x0008, 0x0008, 0x0008, 0x0008, 0x0008, 0x0008, 0x0008, 0x0008, 0x0010, 0x0010, 0x0020, 0x0020, 0x0040, 0x0080, 0x0000, 0x0000,
  0x0080, 0x0040, 0x0020, 0x0020, 0x0010, 0x0010, 0x0008, 0x0008, 0x0010, 0x0010, 0x0020, 0x0020, 0x0040, 0x0080, 0x0000, 0x0000,
  0x0000, 0x0000, 0x0000, 0x0000, 0x0000, 0x0000, 0x0000, 0x00F8, 0x0008, 0x0008, 0x0010, 0x0020, 0x0040, 0x0080, 0x0000, 0x0000,
  0x0000, 0x0000, 0x0000, 0x0000, 0x0000, 0x0000, 0x0000, 0x0008, 0x000C, 0x000A, 0x000A, 0x000A, 0x000A, 0x0009, 0x0000, 0x0000,
  0x0000, 0x0000, 0x0000, 0x0000, 0x0000, 0x0000, 0x0000, 0x000F, 0x0008, 0x0004, 0x0004, 0x0004, 0x0002, 0x0001, 0x0000, 0x0000,
  0x0001, 0x0002, 0x0002, 0x0002, 0x0004, 0x0004, 0x0004, 0x0008, 0x0004, 0x0004, 0x0004, 0x0002, 0x0002, 0x0001, 0x0000, 0x0000,
  0x0008, 0x0008, 0x0008, 0x0008, 0x0008, 0x0008, 0x0008, 0x0008, 0x0004, 0x0004, 0x0004, 0x0002, 0x0002, 0x0001, 0x0000, 0x0000,
  0x0080, 0x0040, 0x0040, 0x0020, 0x0020, 0x0010, 0x0010, 0x0008, 0x0008, 0x0004, 0x0004, 0x0002, 0x0002, 0x0001, 0x0000, 0x0000,
  0x0000, 0x0000, 0x0000, 0x0000, 0x0000, 0x0000, 0x0000, 0x00F8, 0x0004, 0x0004, 0x0002, 0x0002, 0x0002, 0x0001, 0x0000, 0x0000,
  0x0001, 0x0002, 0x0002, 0x0002, 0x0004, 0x0004, 0x0004, 0x0008, 0x0008, 0x0008, 0x0008, 0x0008, 0x0008, 0x0008, 0x0000, 0x0000,
  0x0001, 0x0002, 0x0002, 0x0004, 0x0004, 0x0004, 0x0008, 0x000F, 0x0000, 0x0000, 0x0000, 0x0000, 0x0000, 0x0000, 0x0000, 0x0000,
  0x0009, 0x000A, 0x000A, 0x000A, 0x000A, 0x000A, 0x000C, 0x0008, 0x0000, 0x0000, 0x0000, 0x0000, 0x0000, 0x0000, 0x0000, 0x0000,
  0x0081, 0x0042, 0x0042, 0x0022, 0x0022, 0x0014, 0x0014, 0x0008, 0x0000, 0x0000, 0x0000, 0x0000, 0x0000, 0x0000, 0x0000, 0x0000,
  0x0001, 0x0002, 0x0002, 0x0002, 0x0002, 0x0004, 0x0004, 0x00F8, 0x0000, 0x0000, 0x0000, 0x0000, 0x0000, 0x0000, 0x0000, 0x0000,
  0x0080, 0x0040, 0x0040, 0x0040, 0x0020, 0x0020, 0x0020, 0x0010, 0x0010, 0x0010, 0x0010, 0x0010, 0x0010, 0x0010, 0x0000, 0x0000,
  0x0080, 0x0040, 0x0040, 0x0040, 0x0020, 0x0020, 0x0020, 0x001F, 0x0000, 0x0000, 0x0000, 0x0000, 0x0000, 0x0000, 0x0000, 0x0000,
  0x0088, 0x0048, 0x0048, 0x0048, 0x0028, 0x0028, 0x0018, 0x0008, 0x0000, 0x0000, 0x0000, 0x0000, 0x0000, 0x0000, 0x0000, 0x0000,
  0x0080, 0x0040, 0x0020, 0x0020, 0x0010, 0x0010, 0x0008, 0x00F8, 0x0000, 0x0000, 0x0000, 0x0000, 0x0000, 0x0000, 0x0000, 0x0000,
  0x003F, 0x001F, 0x0007, 0x0009, 0x0008, 0x0010, 0x0010, 0x0020, 0x0020, 0x0020, 0x0040, 0x0040, 0x0080, 0x0080, 0x0000, 0x0000,
  0x0001, 0x0001, 0x0002, 0x0002, 0x0004, 0x0004, 0x0008, 0x0008, 0x0008, 0x0010, 0x0090, 0x00E0, 0x00F8, 0x00FC, 0x0000, 0x0000,
  0x0080, 0x0080, 0x0040, 0x0040, 0x0020, 0x0020, 0x0010, 0x0010, 0x0010, 0x0008, 0x0009, 0x0007, 0x001F, 0x003F, 0x0000, 0x0000,
  0x00FC, 0x00F8, 0x00E0, 0x0090, 0x0010, 0x0008, 0x0008, 0x0004, 0x0004, 0x0004, 0x0002, 0x0002, 0x0001, 0x0001, 0x0000, 0x0000,
  0x0000, 0x0000, 0x0000, 0x0010, 0x0018, 0x00F4, 0x0082, 0x00F4, 0x0018, 0x0010, 0x0000, 0x0000, 0x0000, 0x0000, 0x0000, 0x0000,
  0x0000, 0x0000, 0x0000, 0x0010, 0x0030, 0x005E, 0x0082, 0x005E, 0x0030, 0x0010, 0x0000, 0x0000, 0x0000, 0x0000, 0x0000, 0x0000,
  0x0000, 0x0010, 0x0028, 0x0044, 0x00EE, 0x0028, 0x0028, 0x0028, 0x0028, 0x0038, 0x0000, 0x0000, 0x0000, 0x0000, 0x0000, 0x0000,
  0x0000, 0x0038, 0x0028, 0x0028, 0x0028, 0x0028, 0x00EE, 0x0044, 0x0028, 0x0010, 0x0000, 0x0000, 0x0000, 0x0000, 0x0000, 0x0000,
  0x0000, 0x0054, 0x0000, 0x0000, 0x0000, 0x0054, 0x0000, 0x0000, 0x0000, 0x0054, 0x0000, 0x0000, 0x0000, 0x0000, 0x0000, 0x0000,
  0x0000, 0x0054, 0x0000, 0x0000, 0x0000, 0x0054, 0x0000, 0x0000, 0x0000, 0x0054, 0x0000, 0x0000, 0x0000, 0x0000, 0x0000, 0x0000,
  0x0000, 0x0000, 0x0000, 0x0000, 0x0000, 0x0000, 0x0000, 0x0001, 0x0003, 0x0007, 0x0003, 0x003F, 0x0000, 0x0000, 0x0000, 0x0000,
  0x0000, 0x0000, 0x0000, 0x0000, 0x0000, 0x0000, 0x0000, 0x00C0, 0x00E0, 0x00F0, 0x00E0, 0x00FE, 0x0000, 0x0000, 0x0000, 0x0000,
  0x0000, 0x0000, 0x003C, 0x003C, 0x003C, 0x003C, 0x003F, 0x000F, 0x000F, 0x000F, 0x003F, 0x003F, 0x0000, 0x0000, 0x0000, 0x0000,
  0x0000, 0x0000, 0x001E, 0x001E, 0x001E, 0x001E, 0x00FE, 0x00F8, 0x00F8, 0x00F8, 0x00FE, 0x00FE, 0x0000, 0x0000, 0x0000, 0x0000,
  0x0000, 0x0000, 0x0003, 0x0007, 0x000F, 0x000F, 0x0007, 0x0003, 0x0007, 0x000F, 0x001F, 0x003F, 0x0000, 0x0000, 0x0000, 0x0000,
  0x0000, 0x0000, 0x00E0, 0x00F0, 0x00FC, 0x00FE, 0x00CE, 0x00E0, 0x00F0, 0x00F8, 0x00FC, 0x00FE, 0x0000, 0x0000, 0x0000, 0x0000,
  0x0000, 0x0007, 0x000F, 0x001F, 0x001F, 0x000F, 0x0007, 0x0003, 0x0003, 0x0003, 0x0003, 0x003F, 0x0000, 0x0000, 0x0000, 0x0000,
  0x0000, 0x00F0, 0x00F8, 0x00FC, 0x00FC, 0x00F8, 0x00F0, 0x00E0, 0x00E0, 0x00E0, 0x00E0, 0x00FE, 0x0000, 0x0000, 0x0000, 0x0000,
  0x0001, 0x0019, 0x000D, 0x0007, 0x001F, 0x0003, 0x0003, 0x0007, 0x000F, 0x001F, 0x003F, 0x003F, 0x0000, 0x0000, 0x0000, 0x0000,
  0x0080, 0x0098, 0x00B0, 0x00E0, 0x00F8, 0x00C0, 0x00C0, 0x00E0, 0x00F0, 0x00F8, 0x00FC, 0x00FC, 0x0000, 0x0000, 0x0000, 0x0000,
  0x0001, 0x0007, 0x0001, 0x0001, 0x000F, 0x001F, 0x003F, 0x003F, 0x001F, 0x000F, 0x003F, 0x003F, 0x0000, 0x0000, 0x0000, 0x0000,
  0x00C0, 0x00F0, 0x00C0, 0x00C0, 0x00F8, 0x00FC, 0x00FE, 0x00FE, 0x00FC, 0x00F8, 0x00FE, 0x00FE, 0x0000, 0x0000, 0x0000, 0x0000,
  0x0000, 0x0000, 0x0000, 0x0054, 0x0054, 0x00AA, 0x00AA, 0x0000, 0x0000, 0x0000, 0x0000, 0x0000, 0x0000, 0x0000, 0x0000, 0x0000,
  0x0000, 0x00FC, 0x0080, 0x0080, 0x0080, 0x0090, 0x0098, 0x00FC, 0x0018, 0x0010, 0x0000, 0x0000, 0x0000, 0x0000, 0x0000, 0x0000,
  0x0000, 0x0000, 0x007A, 0x0004, 0x000C, 0x003C, 0x0054, 0x0064, 0x0044, 0x00BA, 0x0000, 0x0000, 0x0000, 0x0000, 0x0000, 0x0000,
  0x0010, 0x00FE, 0x0010, 0x00FE, 0x0010, 0x00FE, 0x0010, 0x007C, 0x0038, 0x0010, 0x0000, 0x0000, 0x0000, 0x0000, 0x0000, 0x0000,
  0x0000, 0x0000, 0x0000, 0x0000, 0x0000, 0x0000, 0x0000, 0x0001, 0x0002, 0x0004, 0x0002, 0x003F, 0x0000, 0x0000, 0x0000, 0x0000,
  0x0000, 0x0000, 0x0000, 0x0000, 0x0000, 0x0000, 0x0000, 0x00C0, 0x0020, 0x0010, 0x0020, 0x00FE, 0x0000, 0x0000, 0x0000, 0x0000,
  0x0000, 0x0000, 0x003C, 0x0024, 0x0024, 0x0024, 0x0033, 0x0008, 0x0008, 0x0008, 0x0030, 0x003F, 0x0000, 0x0000, 0x0000, 0x0000,
  0x0000, 0x0000, 0x001E, 0x0012, 0x0012, 0x0012, 0x00E6, 0x0008, 0x0008, 0x0008, 0x0006, 0x00FE, 0x0000, 0x0000, 0x0000, 0x0000,
  0x0000, 0x0000, 0x0003, 0x0004, 0x0008, 0x0008, 0x0004, 0x0002, 0x0004, 0x0008, 0x0010, 0x003F, 0x0000, 0x0000, 0x0000, 0x0000,
  0x0000, 0x0000, 0x00E0, 0x0010, 0x000C, 0x0032, 0x004E, 0x0020, 0x0010, 0x0008, 0x0004, 0x00FE, 0x0000, 0x0000, 0x0000, 0x0000,
  0x0000, 0x0007, 0x0008, 0x0010, 0x0010, 0x0008, 0x0006, 0x0002, 0x0002, 0x0002, 0x0002, 0x003F, 0x0000, 0x0000, 0x0000, 0x0000,
  0x0000, 0x00F0, 0x0008, 0x0004, 0x0004, 0x0008, 0x0030, 0x0020, 0x0020, 0x0020, 0x0020, 0x00FE, 0x0000, 0x0000, 0x0000, 0x0000,
  0x0001, 0x0019, 0x000D, 0x0006, 0x001C, 0x0002, 0x0002, 0x0004, 0x0008, 0x0010, 0x0020, 0x003F, 0x0000, 0x0000, 0x0000, 0x0000,
  0x0080, 0x0098, 0x00B0, 0x0060, 0x0038, 0x0040, 0x0040, 0x0020, 0x0010, 0x0008, 0x0004, 0x00FC, 0x0000, 0x0000, 0x0000, 0x0000,
  0x0001, 0x0006, 0x0001, 0x0001, 0x000E, 0x0010, 0x0020, 0x0020, 0x0010, 0x0008, 0x0030, 0x003F, 0x0000, 0x0000, 0x0000, 0x0000,
  0x00C0, 0x0030, 0x00C0, 0x00C0, 0x0038, 0x0004, 0x0002, 0x0002, 0x0004, 0x0008, 0x0006, 0x00FE, 0x0000, 0x0000, 0x0000, 0x0000,
  0x00E0, 0x005B, 0x0055, 0x0055, 0x0011, 0x0000, 0x0000, 0x0000, 0x0000, 0x0000, 0x0000, 0x0000, 0x0000, 0x0000, 0x0000, 0x0000,
  0x0000, 0x007C, 0x0082, 0x00BA, 0x00AA, 0x00B2, 0x00AA, 0x00AA, 0x0082, 0x007C, 0x0000, 0x0000, 0x0000, 0x0000, 0x0000, 0x0000,
  0x0000, 0x0040, 0x00A2, 0x00E4, 0x00A8, 0x0016, 0x0028, 0x0044, 0x0082, 0x000C, 0x0000, 0x0000, 0x0000, 0x0000, 0x0000, 0x0000,
  0x0000, 0x0000, 0x0000, 0x0000, 0x0000, 0x0000, 0x0010, 0x0010, 0x0010, 0x0038, 0x0000, 0x0000, 0x0000, 0x0000, 0x0000, 0x0000,
  0x0000, 0x0000, 0x0000, 0x0000, 0x006C, 0x0092, 0x0082, 0x0044, 0x0028, 0x0010, 0x0000, 0x0000, 0x0000, 0x0000, 0x0000, 0x0000,
  0x0000, 0x0000, 0x0010, 0x0028, 0x0044, 0x0082, 0x0082, 0x006C, 0x0010, 0x0010, 0x0000, 0x0000, 0x0000, 0x0000, 0x0000, 0x0000,
  0x0000, 0x0000, 0x0000, 0x0010, 0x0028, 0x0044, 0x0082, 0x0044, 0x0028, 0x0010, 0x0000, 0x0000, 0x0000, 0x0000, 0x0000, 0x0000,
  0x0000, 0x0000, 0x0000, 0x0010, 0x0028, 0x0010, 0x0054, 0x00BA, 0x0054, 0x0010, 0x0000, 0x0000, 0x0000, 0x0000, 0x0000, 0x0000,
  0x0000, 0x0000, 0x0000, 0x0000, 0x006C, 0x00FE, 0x00FE, 0x007C, 0x0038, 0x0010, 0x0000, 0x0000, 0x0000, 0x0000, 0x0000, 0x0000,
  0x0000, 0x0000, 0x0010, 0x0038, 0x007C, 0x00FE, 0x00FE, 0x007C, 0x0010, 0x0010, 0x0000, 0x0000, 0x0000, 0x0000, 0x0000, 0x0000,
  0x0000, 0x0000, 0x0000, 0x0010, 0x0038, 0x007C, 0x00FE, 0x007C, 0x0038, 0x0010, 0x0000, 0x0000, 0x0000, 0x0000, 0x0000, 0x0000,
  0x0000, 0x0000, 0x0000, 0x0010, 0x0038, 0x0010, 0x0054, 0x00FE, 0x0054, 0x0010, 0x0000, 0x0000, 0x0000, 0x0000, 0x0000, 0x0000,
  0x00FF, 0x00FF, 0x00FF, 0x00FF, 0x0093, 0x006D, 0x007D, 0x00BB, 0x00D7, 0x00EF, 0x00FF, 0x0000, 0x0000, 0x0000, 0x0000, 0x0000,
  0x00FF, 0x00FF, 0x00EF, 0x00D7, 0x00BB, 0x007D, 0x007D, 0x0093, 0x00EF, 0x00EF, 0x00FF, 0x0000, 0x0000, 0x0000, 0x0000, 0x0000,
  0x00FF, 0x00FF, 0x00FF, 0x00EF, 0x00D7, 0x00BB, 0x007D, 0x00BB, 0x00D7, 0x00EF, 0x00FF, 0x0000, 0x0000, 0x0000, 0x0000, 0x0000,
  0x00FF, 0x00FF, 0x00FF, 0x00EF, 0x00C7, 0x00EF, 0x00AB, 0x0001, 0x00AB, 0x00EF, 0x00FF, 0x0000, 0x0000, 0x0000, 0x0000, 0x0000,
  0x0000, 0x0054, 0x0000, 0x0000, 0x0000, 0x0054, 0x0000, 0x0000, 0x0000, 0x0054, 0x0000, 0x0000, 0x0000, 0x0000, 0x0000, 0x0000,
  0x0000, 0x0054, 0x0000, 0x0000, 0x0000, 0x0054, 0x0000, 0x0000, 0x0000, 0x0054, 0x0000, 0x0000, 0x0000, 0x0000, 0x0000, 0x0000,
  0x0000, 0x0054, 0x0000, 0x0000, 0x0000, 0x0054, 0x0000, 0x0000, 0x0000, 0x0054, 0x0000, 0x0000, 0x0000, 0x0000, 0x0000, 0x0000,
  0x0000, 0x0054, 0x0000, 0x0000, 0x0000, 0x0054, 0x0000, 0x0000, 0x0000, 0x0054, 0x0000, 0x0000, 0x0000, 0x0000, 0x0000, 0x0000,
  0x0000, 0x000C, 0x0012, 0x0010, 0x0010, 0x0010, 0x0010, 0x0010, 0x0010, 0x0010, 0x0010, 0x0010, 0x0010, 0x0010, 0x0000, 0x0000,
  0x0010, 0x0010, 0x0010, 0x0010, 0x0010, 0x0010, 0x0010, 0x0010, 0x0010, 0x0010, 0x0010, 0x0010, 0x0010, 0x0010, 0x0000, 0x0000,
  0x0010, 0x0010, 0x0010, 0x0010, 0x0010, 0x0010, 0x0010, 0x0010, 0x0010, 0x0010, 0x0010, 0x0010, 0x0090, 0x0060, 0x0000, 0x0000,
  0x0000, 0x000C, 0x0010, 0x0010, 0x0010, 0x0010, 0x0010, 0x0010, 0x0010, 0x0010, 0x0010, 0x0010, 0x0010, 0x0010, 0x0000, 0x0000,
  0x0000, 0x0060, 0x0010, 0x0010, 0x0010, 0x0010, 0x0010, 0x0010, 0x0010, 0x0010, 0x0010, 0x0010, 0x0010, 0x0010, 0x0000, 0x0000,
  0x0010, 0x0010, 0x0010, 0x0010, 0x0010, 0x0010, 0x0020, 0x0040, 0x0020, 0x0010, 0x0010, 0x0010, 0x0010, 0x0010, 0x0000, 0x0000,
  0x0010, 0x0010, 0x0010, 0x0010, 0x0010, 0x0010, 0x0008, 0x0004, 0x0008, 0x0010, 0x0010, 0x0010, 0x0010, 0x0010, 0x0000, 0x0000,
  0x0010, 0x0010, 0x0010, 0x0010, 0x0010, 0x0010, 0x0010, 0x0010, 0x0010, 0x0010, 0x0010, 0x0010, 0x0010, 0x0060, 0x0000, 0x0000,
  0x0010, 0x0010, 0x0010, 0x0010, 0x0010, 0x0010, 0x0010, 0x0010, 0x0010, 0x0010, 0x0010, 0x0010, 0x0010, 0x000C, 0x0000, 0x0000,
  0x0000, 0x0082, 0x0082, 0x0082, 0x00FE, 0x0082, 0x0082, 0x0082, 0x0044, 0x0038, 0x0000, 0x0000, 0x0000, 0x0000, 0x0000, 0x0000,
  0x0000, 0x00FE, 0x0002, 0x0002, 0x0002, 0x003E, 0x0002, 0x0002, 0x0002, 0x00FE, 0x0000, 0x0000, 0x0000, 0x0000, 0x0000, 0x0000,
  0x0000, 0x0000, 0x00F8, 0x0004, 0x0002, 0x0002, 0x0004, 0x00F8, 0x0000, 0x00FE, 0x0000, 0x0000, 0x0000, 0x0000, 0x0000, 0x0000,
  0x0000, 0x0000, 0x003E, 0x0040, 0x0080, 0x0080, 0x0040, 0x003E, 0x0000, 0x00FE, 0x0000, 0x0000, 0x0000, 0x0000, 0x0000, 0x0000,
  0x0000, 0x00FE, 0x0082, 0x0082, 0x0044, 0x0044, 0x0028, 0x0028, 0x0010, 0x0000, 0x0000, 0x0000, 0x0000, 0x0000, 0x0000, 0x0000,
  0x0000, 0x0000, 0x0060, 0x0018, 0x0004, 0x0032, 0x0042, 0x0042, 0x0024, 0x0018, 0x0000, 0x0000, 0x0000, 0x0000, 0x0000, 0x0000,
  0x0000, 0x0054, 0x0000, 0x0000, 0x0000, 0x0054, 0x0000, 0x0000, 0x0000, 0x0054, 0x0000, 0x0000, 0x0000, 0x0000, 0x0000, 0x0000,
  0x0000, 0x0054, 0x0000, 0x0000, 0x0000, 0x0054, 0x0000, 0x0000, 0x0000, 0x0054, 0x0000, 0x0000, 0x0000, 0x0000, 0x0000, 0x0000,
  0x0000, 0x0054, 0x0000, 0x0000, 0x0000, 0x0054, 0x0000, 0x0000, 0x0000, 0x0054, 0x0000, 0x0000, 0x0000, 0x0000, 0x0000, 0x0000,
  0x0000, 0x0054, 0x0000, 0x0000, 0x0000, 0x0054, 0x0000, 0x0000, 0x0000, 0x0054, 0x0000, 0x0000, 0x0000, 0x0000, 0x0000, 0x0000,
  0x0000, 0x0054, 0x0000, 0x0000, 0x0000, 0x0054, 0x0000, 0x0000, 0x0000, 0x0054, 0x0000, 0x0000, 0x0000, 0x0000, 0x0000, 0x0000,
  0x0000, 0x0054, 0x0000, 0x0000, 0x0000, 0x0054, 0x0000, 0x0000, 0x0000, 0x0054, 0x0000, 0x0000, 0x0000, 0x0000, 0x0000, 0x0000,
  0x0000, 0x0054, 0x0000, 0x0000, 0x0000, 0x0054, 0x0000, 0x0000, 0x0000, 0x0054, 0x0000, 0x0000, 0x0000, 0x0000, 0x0000, 0x0000,
  0x0000, 0x0054, 0x0000, 0x0000, 0x0000, 0x0054, 0x0000, 0x0000, 0x0000, 0x0054, 0x0000, 0x0000, 0x0000, 0x0000, 0x0000, 0x0000,
  0x0000, 0x0054, 0x0000, 0x0000, 0x0000, 0x0054, 0x0000, 0x0000, 0x0000, 0x0054, 0x0000, 0x0000, 0x0000, 0x0000, 0x0000, 0x0000,
  0x0000, 0x0054, 0x0000, 0x0000, 0x0000, 0x0054, 0x0000, 0x0000, 0x0000, 0x0054, 0x0000, 0x0000, 0x0000, 0x0000, 0x0000, 0x0000,
  0x0000, 0x0054, 0x0000, 0x0000, 0x0000, 0x0054, 0x0000, 0x0000, 0x0000, 0x0054, 0x0000, 0x0000, 0x0000, 0x0000, 0x0000, 0x0000,
  0x0000, 0x0054, 0x0000, 0x0000, 0x0000, 0x0054, 0x0000, 0x0000, 0x0000, 0x0054, 0x0000, 0x0000, 0x0000, 0x0000, 0x0000, 0x0000,
  0x0000, 0x0054, 0x0000, 0x0000, 0x0000, 0x0054, 0x0000, 0x0000, 0x0000, 0x0054, 0x0000, 0x0000, 0x0000, 0x0000, 0x0000, 0x0000,
  0x0000, 0x0054, 0x0000, 0x0000, 0x0000, 0x0054, 0x0000, 0x0000, 0x0000, 0x0054, 0x0000, 0x0000, 0x0000, 0x0000, 0x0000, 0x0000,
  0x0000, 0x0054, 0x0000, 0x0000, 0x0000, 0x0054, 0x0000, 0x0000, 0x0000, 0x0054, 0x0000, 0x0000, 0x0000, 0x0000, 0x0000, 0x0000,
  0x0000, 0x0054, 0x0000, 0x0000, 0x0000, 0x0054, 0x0000, 0x0000, 0x0000, 0x0054, 0x0000, 0x0000, 0x0000, 0x0000, 0x0000, 0x0000,
  0x0000, 0x0054, 0x0000, 0x0000, 0x0000, 0x0054, 0x0000, 0x0000, 0x0000, 0x0054, 0x0000, 0x0000, 0x0000, 0x0000, 0x0000, 0x0000,
  0x0000, 0x0054, 0x0000, 0x0000, 0x0000, 0x0054, 0x0000, 0x0000, 0x0000, 0x0054, 0x0000, 0x0000, 0x0000, 0x0000, 0x0000, 0x0000,
  0x0000, 0x0054, 0x0000, 0x0000, 0x0000, 0x0054, 0x0000, 0x0000, 0x0000, 0x0054, 0x0000, 0x0000, 0x0000, 0x0000, 0x0000, 0x0000,
  0x0000, 0x0054, 0x0000, 0x0000, 0x0000, 0x0054, 0x0000, 0x0000, 0x0000, 0x0054, 0x0000, 0x0000, 0x0000, 0x0000, 0x0000, 0x0000,
  0x0000, 0x0054, 0x0000, 0x0000, 0x0000, 0x0054, 0x0000, 0x0000, 0x0000, 0x0054, 0x0000, 0x0000, 0x0000, 0x0000, 0x0000, 0x0000,
  0x0000, 0x0054, 0x0000, 0x0000, 0x0000, 0x0054, 0x0000, 0x0000, 0x0000, 0x0054, 0x0000, 0x0000, 0x0000, 0x0000, 0x0000, 0x0000,
  0x0000, 0x0054, 0x0000, 0x0000, 0x0000, 0x0054, 0x0000, 0x0000, 0x0000, 0x0054, 0x0000, 0x0000, 0x0000, 0x0000, 0x0000, 0x0000,
  0x0000, 0x0054, 0x0000, 0x0000, 0x0000, 0x0054, 0x0000, 0x0000, 0x0000, 0x0054, 0x0000, 0x0000, 0x0000, 0x0000, 0x0000, 0x0000,
  0x0000, 0x0054, 0x0000, 0x0000, 0x0000, 0x0054, 0x0000, 0x0000, 0x0000, 0x0054, 0x0000, 0x0000, 0x0000, 0x0000, 0x0000, 0x0000,
  0x0000, 0x0054, 0x0000, 0x0000, 0x0000, 0x0054, 0x0000, 0x0000, 0x0000, 0x0054, 0x0000, 0x0000, 0x0000, 0x0000, 0x0000, 0x0000,
  0x0000, 0x0054, 0x0000, 0x0000, 0x0000, 0x0054, 0x0000, 0x0000, 0x0000, 0x0054, 0x0000, 0x0000, 0x0000, 0x0000, 0x0000, 0x0000,
  0x0000, 0x0054, 0x0000, 0x0000, 0x0000, 0x0054, 0x0000, 0x0000, 0x0000, 0x0054, 0x0000, 0x0000, 0x0000, 0x0000, 0x0000, 0x0000,
  0x0000, 0x0054, 0x0000, 0x0000, 0x0000, 0x0054, 0x0000, 0x0000, 0x0000, 0x0054, 0x0000, 0x0000, 0x0000, 0x0000, 0x0000, 0x0000,
  0x0000, 0x0054, 0x0000, 0x0000, 0x0000, 0x0054, 0x0000, 0x0000, 0x0000, 0x0054, 0x0000, 0x0000, 0x0000, 0x0000, 0x0000, 0x0000,
  0x0000, 0x0054, 0x0000, 0x0000, 0x0000, 0x0054, 0x0000, 0x0000, 0x0000, 0x0054, 0x0000, 0x0000, 0x0000, 0x0000, 0x0000, 0x0000,
  0x0000, 0x0054, 0x0000, 0x0000, 0x0000, 0x0054, 0x0000, 0x0000, 0x0000, 0x0054, 0x0000, 0x0000, 0x0000, 0x0000, 0x0000, 0x0000,
  0x0000, 0x0054, 0x0000, 0x0000, 0x0000, 0x0054, 0x0000, 0x0000, 0x0000, 0x0054, 0x0000, 0x0000, 0x0000, 0x0000, 0x0000, 0x0000,
  0x0000, 0x0044, 0x0000, 0x0000, 0x0000, 0x0000, 0x0000, 0x0000, 0x0000, 0x0000, 0x0000, 0x0000, 0x0000, 0x0000, 0x0000, 0x0000,
  0x0000, 0x0008, 0x0010, 0x0020, 0x0040, 0x0020, 0x0010, 0x0008, 0x0000, 0x0078, 0x0000, 0x0000, 0x0000, 0x0000, 0x0000, 0x0000,
  0x0000, 0x0000, 0x0000, 0x0082, 0x0044, 0x0028, 0x0010, 0x0000, 0x0000, 0x0000, 0x0000, 0x0000, 0x0000, 0x0000, 0x0000, 0x0000,
  0x0000, 0x0000, 0x0002, 0x0004, 0x00FE, 0x0010, 0x00FE, 0x0040, 0x0080, 0x0000, 0x0000, 0x0000, 0x0000, 0x0000, 0x0000, 0x0000,
  0x0000, 0x0000, 0x0000, 0x0010, 0x0000, 0x00FE, 0x0000, 0x0010, 0x0000, 0x0000, 0x0000, 0x0000, 0x0000, 0x0000, 0x0000, 0x0000,
  0x0000, 0x0000, 0x0000, 0x0044, 0x0028, 0x0010, 0x0028, 0x0044, 0x0000, 0x0000, 0x0000, 0x0000, 0x0000, 0x0000, 0x0000, 0x0000,
  0x0000, 0x00FE, 0x0000, 0x0000, 0x0000, 0x0000, 0x0000, 0x0000, 0x0000, 0x0000, 0x0000, 0x0000, 0x0000, 0x0000, 0x0000, 0x0000,
  0x0000, 0x0000, 0x0000, 0x0000, 0x0064, 0x0098, 0x0088, 0x0088, 0x0098, 0x0064, 0x0000, 0x0000, 0x0000, 0x0000, 0x0000, 0x0000,
  0x0000, 0x0000, 0x0000, 0x0010, 0x0010, 0x0010, 0x0010, 0x0010, 0x0010, 0x00FE, 0x0000, 0x0000, 0x0000, 0x0000, 0x0000, 0x0000,
  0x0000, 0x0000, 0x0000, 0x0000, 0x0078, 0x0084, 0x0084, 0x0084, 0x0084, 0x0084, 0x0000, 0x0000, 0x0000, 0x0000, 0x0000, 0x0000,
  0x0020, 0x0020, 0x0020, 0x0020, 0x0020, 0x0020, 0x0020, 0x0020, 0x0020, 0x0020, 0x003E, 0x0000, 0x0000, 0x0000, 0x0000, 0x0000,
  0x0000, 0x0000, 0x0000, 0x003E, 0x0040, 0x0080, 0x00F8, 0x0080, 0x0040, 0x003E, 0x0000, 0x0000, 0x0000, 0x0000, 0x0000, 0x0000,
  0x0000, 0x00FE, 0x0082, 0x0082, 0x0044, 0x0044, 0x0028, 0x0028, 0x0010, 0x0010, 0x0000, 0x0000, 0x0000, 0x0000, 0x0000, 0x0000,
  0x0000, 0x0010, 0x0010, 0x0028, 0x0028, 0x0044, 0x0044, 0x0082, 0x0082, 0x00FE, 0x0000, 0x0000, 0x0000, 0x0000, 0x0000, 0x0000,
  0x0000, 0x0000, 0x0000, 0x0000, 0x0070, 0x0010, 0x0010, 0x0010, 0x0010, 0x001C, 0x0000, 0x0000, 0x0000, 0x0000, 0x0000, 0x0000,
  0x0000, 0x0000, 0x0000, 0x0000, 0x0038, 0x0044, 0x0038, 0x0000, 0x0000, 0x0000, 0x0000, 0x0000, 0x0000, 0x0000, 0x0000, 0x0000,
  0x0010, 0x0010, 0x0010, 0x0010, 0x0010, 0x0010, 0x0010, 0x0010, 0x0010, 0x0010, 0x0010, 0x0000, 0x0000, 0x0000, 0x0000, 0x0000,
  0x0000, 0x0000, 0x0000, 0x00FE, 0x0010, 0x0010, 0x0010, 0x0010, 0x0010, 0x0010, 0x0000, 0x0000, 0x0000, 0x0000, 0x0000, 0x0000,
  0x0000, 0x0000, 0x007C, 0x0082, 0x0082, 0x0082, 0x0082, 0x0082, 0x007C, 0x0000, 0x0000, 0x0000, 0x0000, 0x0000, 0x0000, 0x0000,
  0x0000, 0x0000, 0x0000, 0x0078, 0x0084, 0x00C4, 0x00B8, 0x0040, 0x0020, 0x0020, 0x0040, 0x0000, 0x0000, 0x0000, 0x0000, 0x0000,
  0x00F8, 0x0080, 0x0080, 0x0080, 0x0080, 0x0080, 0x0080, 0x0080, 0x0080, 0x0080, 0x0080, 0x0000, 0x0000, 0x0000, 0x0000, 0x0000,
  0x0000, 0x0010, 0x0010, 0x0010, 0x0010, 0x0010, 0x0092, 0x0054, 0x0038, 0x0010, 0x0000, 0x0000, 0x0000, 0x0000, 0x0000, 0x0000,
  0x0000, 0x0000, 0x0000, 0x0000, 0x0084, 0x0084, 0x0084, 0x0084, 0x0084, 0x0078, 0x0000, 0x0000, 0x0000, 0x0000, 0x0000, 0x0000,
  0x0000, 0x0000, 0x0000, 0x00FC, 0x0002, 0x0002, 0x0002, 0x00FC, 0x0000, 0x0000, 0x0000, 0x0000, 0x0000, 0x0000, 0x0000, 0x0000,
  0x0000, 0x0010, 0x0038, 0x0054, 0x0092, 0x0010, 0x0010, 0x0010, 0x0010, 0x0010, 0x0000, 0x0000, 0x0000, 0x0000, 0x0000, 0x0000,
  0x0000, 0x0000, 0x0000, 0x007E, 0x0080, 0x0080, 0x0080, 0x007E, 0x0000, 0x0000, 0x0000, 0x0000, 0x0000, 0x0000, 0x0000, 0x0000,
  0x0000, 0x0000, 0x0010, 0x0020, 0x0040, 0x00FE, 0x0040, 0x0020, 0x0010, 0x0000, 0x0000, 0x0000, 0x0000, 0x0000, 0x0000, 0x0000,
  0x0000, 0x0000, 0x0080, 0x0080, 0x0080, 0x00FE, 0x0080, 0x0080, 0x0080, 0x0000, 0x0000, 0x0000, 0x0000, 0x0000, 0x0000, 0x0000,
  0x0000, 0x0000, 0x0010, 0x0008, 0x0004, 0x00FE, 0x0004, 0x0008, 0x0010, 0x0000, 0x0000, 0x0000, 0x0000, 0x0000, 0x0000, 0x0000,
  0x0000, 0x0020, 0x0010, 0x0008, 0x0004, 0x0008, 0x0010, 0x0020, 0x0000, 0x003C, 0x0000, 0x0000, 0x0000, 0x0000, 0x0000, 0x0000,
  0x0000, 0x0000, 0x0010, 0x0028, 0x0044, 0x0082, 0x0044, 0x0028, 0x0010, 0x0000, 0x0000, 0x0000, 0x0000, 0x0000, 0x0000, 0x0000,
  0x00FE, 0x0082, 0x0082, 0x0082, 0x0082, 0x0082, 0x0082, 0x0082, 0x0082, 0x0082, 0x00FE, 0x0000, 0x0000, 0x0000, 0x0000, 0x0000,
  0x0000, 0x0000, 0x0002, 0x0002, 0x0002, 0x00FE, 0x0002, 0x0002, 0x0002, 0x0000, 0x0000, 0x0000, 0x0000, 0x0000, 0x0000, 0x0000,
  0x0000, 0x0000, 0x0000, 0x00FE, 0x0010, 0x0010, 0x0010, 0x0010, 0x0010, 0x00FE, 0x0000, 0x0000, 0x0000, 0x0000, 0x0000, 0x0000,
  0x0000, 0x0000, 0x0000, 0x0010, 0x0038, 0x0054, 0x0038, 0x0010, 0x0010, 0x00FE, 0x0000, 0x0000, 0x0000, 0x0000, 0x0000, 0x0000,
  0x00FE, 0x0082, 0x0082, 0x0092, 0x00AA, 0x00C6, 0x0082, 0x0082, 0x0082, 0x0082, 0x00FE, 0x0000, 0x0000, 0x0000, 0x0000, 0x0000,
  0x0000, 0x0010, 0x0010, 0x0028, 0x0028, 0x0044, 0x0044, 0x0082, 0x009A, 0x00FE, 0x0010, 0x0020, 0x0000, 0x0000, 0x0000, 0x0000,
  0x0000, 0x0000, 0x007C, 0x0082, 0x00BA, 0x00C6, 0x00BA, 0x0082, 0x007C, 0x0000, 0x0000, 0x0000, 0x0000, 0x0000, 0x0000, 0x0000,
  0x0000, 0x0080, 0x0080, 0x0080, 0x0080, 0x00FE, 0x0080, 0x0080, 0x0080, 0x00FE, 0x0000, 0x0000, 0x0000, 0x0000, 0x0000, 0x0000,
  0x00FE, 0x0082, 0x0082, 0x0086, 0x00FE, 0x0092, 0x00FE, 0x00C2, 0x0082, 0x0082, 0x00FE, 0x0000, 0x0000, 0x0000, 0x0000, 0x0000,
  0x0000, 0x0062, 0x0092, 0x008C, 0x0000, 0x0082, 0x0044, 0x0028, 0x0010, 0x0000, 0x0000, 0x0000, 0x0000, 0x0000, 0x0000, 0x0000,
  0x0000, 0x0000, 0x0000, 0x00FE, 0x0038, 0x0054, 0x0038, 0x0010, 0x0010, 0x0010, 0x0000, 0x0000, 0x0000, 0x0000, 0x0000, 0x0000,
  0x00FE, 0x0082, 0x0082, 0x0082, 0x00C6, 0x00AA, 0x0092, 0x0082, 0x0082, 0x0082, 0x00FE, 0x0000, 0x0000, 0x0000, 0x0000, 0x0000,
  0x0000, 0x0000, 0x0000, 0x0000, 0x0084, 0x0084, 0x0084, 0x0084, 0x009C, 0x0078, 0x0010, 0x0020, 0x0000, 0x0000, 0x0000, 0x0000,
  0x00FE, 0x0082, 0x00A2, 0x0092, 0x008A, 0x0086, 0x008A, 0x0092, 0x00A2, 0x0082, 0x00FE, 0x0000, 0x0000, 0x0000, 0x0000, 0x0000,
  0x0000, 0x0082, 0x0082, 0x0044, 0x00FE, 0x0010, 0x00FE, 0x0010, 0x0010, 0x0010, 0x0000, 0x0000, 0x0000, 0x0000, 0x0000, 0x0000,
  0x00FE, 0x00A2, 0x0092, 0x008A, 0x0086, 0x008A, 0x0092, 0x00A2, 0x0082, 0x00BE, 0x00FE, 0x0000, 0x0000, 0x0000, 0x0000, 0x0000,
  0x0000, 0x0062, 0x0092, 0x008C, 0x0000, 0x0010, 0x0028, 0x0044, 0x0082, 0x0000, 0x0000, 0x0000, 0x0000, 0x0000, 0x0000, 0x0000,
  0x0010, 0x0010, 0x0010, 0x0038, 0x0038, 0x0054, 0x0054, 0x0092, 0x0092, 0x00FE, 0x0010, 0x0000, 0x0000, 0x0000, 0x0000, 0x0000,
  0x00FE, 0x0082, 0x0082, 0x0082, 0x00E2, 0x0092, 0x008E, 0x0082, 0x0082, 0x0082, 0x00FE, 0x0000, 0x0000, 0x0000, 0x0000, 0x0000,
  0x003C, 0x0020, 0x0020, 0x0020, 0x0020, 0x00FE, 0x0020, 0x0020, 0x0020, 0x0020, 0x003C, 0x0000, 0x0000, 0x0000, 0x0000, 0x0000,
  0x00FE, 0x0082, 0x0092, 0x00A2, 0x00C2, 0x00FE, 0x00C2, 0x00A2, 0x0092, 0x0082, 0x00FE, 0x0000, 0x0000, 0x0000, 0x0000, 0x0000,
  0x0000, 0x0000, 0x0000, 0x0000, 0x0000, 0x0000, 0x0000, 0x0000, 0x0000, 0x0000, 0x0000, 0x0000, 0x0000, 0x0000, 0x0000, 0x0000,
  0x00FE, 0x0082, 0x0082, 0x0082, 0x0082, 0x00FE, 0x0082, 0x0082, 0x0082, 0x0082, 0x00FE, 0x0000, 0x0000, 0x0000, 0x0000, 0x0000,
  0x0000, 0x0000, 0x0002, 0x0004, 0x0008, 0x00FE, 0x0020, 0x0040, 0x0080, 0x0000, 0x0000, 0x0000, 0x0000, 0x0000, 0x0000, 0x0000,
  0x0010, 0x00FE, 0x0092, 0x0092, 0x0054, 0x0054, 0x0038, 0x0038, 0x0010, 0x0010, 0x0010, 0x0000, 0x0000, 0x0000, 0x0000, 0x0000,
  0x00FE, 0x0082, 0x008A, 0x0092, 0x00A2, 0x00C2, 0x00A2, 0x0092, 0x008A, 0x0082, 0x00FE, 0x0000, 0x0000, 0x0000, 0x0000, 0x0000,
  0x003C, 0x0004, 0x0004, 0x0004, 0x0004, 0x00FE, 0x0004, 0x0004, 0x0004, 0x0004, 0x003C, 0x0000, 0x0000, 0x0000, 0x0000, 0x0000,
  0x00FE, 0x0082, 0x0092, 0x008A, 0x0086, 0x00FE, 0x0086, 0x008A, 0x0092, 0x0082, 0x00FE, 0x0000, 0x0000, 0x0000, 0x0000, 0x0000,
  0x0010, 0x0010, 0x0010, 0x007E, 0x0090, 0x0090, 0x0090, 0x007E, 0x0010, 0x0010, 0x0010, 0x0000, 0x0000, 0x0000, 0x0000, 0x0000,
  0x0000, 0x0000, 0x0080, 0x0040, 0x0020, 0x00FE, 0x0008, 0x0004, 0x0002, 0x0000, 0x0000, 0x0000, 0x0000, 0x0000, 0x0000, 0x0000,
  0x0000, 0x00FE, 0x0082, 0x0082, 0x0066, 0x00D6, 0x00AC, 0x0038, 0x0010, 0x0010, 0x0000, 0x0000, 0x0000, 0x0000, 0x0000, 0x0000,
  0x00FE, 0x0082, 0x0082, 0x0082, 0x00FE, 0x0082, 0x00FE, 0x0082, 0x0082, 0x0082, 0x00FE, 0x0000, 0x0000, 0x0000, 0x0000, 0x0000,
  0x003C, 0x0020, 0x0020, 0x0020, 0x0038, 0x0024, 0x0038, 0x0020, 0x0020, 0x0020, 0x003C, 0x0000, 0x0000, 0x0000, 0x0000, 0x0000,
  0x00FE, 0x0082, 0x0092, 0x00BA, 0x00D6, 0x0092, 0x0092, 0x0092, 0x0092, 0x0092, 0x00FE, 0x0000, 0x0000, 0x0000, 0x0000, 0x0000,
  0x0000, 0x0038, 0x0044, 0x0044, 0x0066, 0x00D6, 0x00CC, 0x0044, 0x0044, 0x0038, 0x0000, 0x0000, 0x0000, 0x0000, 0x0000, 0x0000,
  0x0000, 0x0000, 0x007C, 0x0082, 0x0082, 0x00FE, 0x0082, 0x0082, 0x007C, 0x0000, 0x0000, 0x0000, 0x0000, 0x0000, 0x0000, 0x0000,
  0x0000, 0x0000, 0x0000, 0x0000, 0x0078, 0x00CC, 0x00B4, 0x0084, 0x0084, 0x0084, 0x0000, 0x0000, 0x0000, 0x0000, 0x0000, 0x0000,
  0x0000, 0x0044, 0x0028, 0x0010, 0x0028, 0x0044, 0x0028, 0x0010, 0x0028, 0x0044, 0x0000, 0x0000, 0x0000, 0x0000, 0x0000, 0x0000,
  0x003C, 0x0004, 0x0004, 0x0004, 0x001C, 0x0024, 0x001C, 0x0004, 0x0004, 0x0004, 0x003C, 0x0000, 0x0000, 0x0000, 0x0000, 0x0000,
  0x00FE, 0x0092, 0x0092, 0x0092, 0x0092, 0x0092, 0x00D6, 0x00BA, 0x0092, 0x0082, 0x00FE, 0x0000, 0x0000, 0x0000, 0x0000, 0x0000,
  0x0000, 0x0000, 0x0000, 0x0092, 0x006C, 0x006C, 0x0092, 0x0000, 0x0000, 0x0000, 0x0000, 0x0000, 0x0000, 0x0000, 0x0000, 0x0000,
  0x0000, 0x0002, 0x007E, 0x0086, 0x008A, 0x0092, 0x00A2, 0x00C2, 0x00FC, 0x0080, 0x0000, 0x0000, 0x0000, 0x0000, 0x0000, 0x0000,
  0x00FE, 0x0092, 0x0092, 0x0092, 0x0092, 0x0082, 0x0082, 0x0082, 0x0082, 0x0082, 0x00FE, 0x0000, 0x0000, 0x0000, 0x0000, 0x0000,
  0x0010, 0x0014, 0x0018, 0x0010, 0x0030, 0x0050, 0x0030, 0x0010, 0x0018, 0x0014, 0x0010, 0x0000, 0x0000, 0x0000, 0x0000, 0x0000,
  0x0010, 0x0010, 0x0010, 0x0010, 0x0038, 0x0054, 0x0038, 0x0010, 0x0010, 0x0010, 0x0010, 0x0000, 0x0000, 0x0000, 0x0000, 0x0000,
  0x00FE, 0x0082, 0x0082, 0x0082, 0x00BA, 0x00C6, 0x00BA, 0x0082, 0x0082, 0x0082, 0x00FE, 0x0000, 0x0000, 0x0000, 0x0000, 0x0000,
  0x00FE, 0x0082, 0x0082, 0x0086, 0x008A, 0x0092, 0x00A2, 0x00C2, 0x0082, 0x0082, 0x00FE, 0x0000, 0x0000, 0x0000, 0x0000, 0x0000,
  0x0010, 0x0010, 0x007C, 0x0092, 0x0092, 0x0092, 0x0092, 0x0092, 0x007C, 0x0010, 0x0010, 0x0000, 0x0000, 0x0000, 0x0000, 0x0000,
  0x00FE, 0x0082, 0x0082, 0x0092, 0x0082, 0x00FE, 0x0082, 0x0092, 0x0082, 0x0082, 0x00FE, 0x0000, 0x0000, 0x0000, 0x0000, 0x0000,
  0x003C, 0x0024, 0x0024, 0x0024, 0x0024, 0x0024, 0x0024, 0x0024, 0x0024, 0x0024, 0x003C, 0x0000, 0x0000, 0x0000, 0x0000, 0x0000,
  0x00FE, 0x0082, 0x0082, 0x00BA, 0x00C6, 0x0082, 0x00C6, 0x00BA, 0x0082, 0x0082, 0x00FE, 0x0000, 0x0000, 0x0000, 0x0000, 0x0000,
  0x00FE, 0x0082, 0x0082, 0x00C2, 0x00A2, 0x0092, 0x008A, 0x0086, 0x0082, 0x0082, 0x00FE, 0x0000, 0x0000, 0x0000, 0x0000, 0x0000,
  0x0000, 0x0080, 0x00FC, 0x00C2, 0x00A2, 0x0092, 0x008A, 0x0086, 0x007E, 0x0002, 0x0000, 0x0000, 0x0000, 0x0000, 0x0000, 0x0000,
  0x00FE, 0x0092, 0x0092, 0x00AA, 0x00AA, 0x00C6, 0x00C6, 0x0082, 0x0082, 0x00FE, 0x00FE, 0x0000, 0x0000, 0x0000, 0x0000, 0x0000,
  0x0010, 0x0050, 0x0030, 0x0010, 0x0018, 0x0014, 0x0018, 0x0010, 0x0030, 0x0050, 0x0010, 0x0000, 0x0000, 0x0000, 0x0000, 0x0000,
  0x0000, 0x0010, 0x0010, 0x0010, 0x0010, 0x0000, 0x0000, 0x0000, 0x0010, 0x0010, 0x0000, 0x0000, 0x0000, 0x0000, 0x0000, 0x0000,
  0x00FE, 0x0082, 0x0092, 0x00D6, 0x00BA, 0x00BA, 0x00D6, 0x0092, 0x0082, 0x0082, 0x00FE, 0x0000, 0x0000, 0x0000, 0x0000, 0x0000,
  0x00FE, 0x0092, 0x0092, 0x0092, 0x0092, 0x0092, 0x0092, 0x0092, 0x0092, 0x0092, 0x00FE, 0x0000, 0x0000, 0x0000, 0x0000, 0x0000,
  0x0000, 0x0000, 0x007C, 0x0092, 0x00D6, 0x00BA, 0x00D6, 0x0092, 0x007C, 0x0000, 0x0000, 0x0000, 0x0000, 0x0000, 0x0000, 0x0000,
  0x00FE, 0x00FE, 0x0082, 0x0082, 0x00C6, 0x00C6, 0x00AA, 0x00AA, 0x0092, 0x0092, 0x00FE, 0x0000, 0x0000, 0x0000, 0x0000, 0x0000,
  0x0000, 0x0000, 0x0000, 0x0000, 0x0000, 0x00FE, 0x0000, 0x0000, 0x0018, 0x0018, 0x0010, 0x0020, 0x0000, 0x0000, 0x0000, 0x0000,
  0x0000, 0x0000, 0x007C, 0x00C6, 0x00AA, 0x0092, 0x00AA, 0x00C6, 0x007C, 0x0000, 0x0000, 0x0000, 0x0000, 0x0000, 0x0000, 0x0000,
  0x0000, 0x0000, 0x0000, 0x00FE, 0x0010, 0x00FE, 0x0010, 0x0010, 0x0010, 0x0010, 0x0000, 0x0000, 0x0000, 0x0000, 0x0000, 0x0000,
  0x00FE, 0x008A, 0x0092, 0x00A2, 0x00C2, 0x00A2, 0x0092, 0x008A, 0x00FA, 0x0082, 0x00FE, 0x0000, 0x0000, 0x0000, 0x0000, 0x0000,
  0x0000, 0x0044, 0x0000, 0x0000, 0x0038, 0x0044, 0x0038, 0x0000, 0x0000, 0x0000, 0x0000, 0x0000, 0x0000, 0x0000, 0x0000, 0x0000,
  0x0000, 0x0044, 0x0000, 0x007C, 0x0082, 0x0082, 0x0082, 0x0082, 0x007C, 0x0000, 0x0000, 0x0000, 0x0000, 0x0000, 0x0000, 0x0000,
  0x0000, 0x00BA, 0x00C6, 0x0082, 0x0082, 0x0082, 0x0082, 0x0082, 0x00C6, 0x007C, 0x0000, 0x0000, 0x0000, 0x0000, 0x0000, 0x0000,
  0x0000, 0x00FE, 0x00D6, 0x0092, 0x0092, 0x0092, 0x0092, 0x0092, 0x00D6, 0x007C, 0x0000, 0x0000, 0x0000, 0x0000, 0x0000, 0x0000,
  0x0000, 0x0054, 0x0000, 0x0000, 0x0000, 0x0054, 0x0000, 0x0000, 0x0000, 0x0054, 0x0000, 0x0000, 0x0000, 0x0000, 0x0000, 0x0000,
  0x0000, 0x0054, 0x0000, 0x0000, 0x0000, 0x0054, 0x0000, 0x0000, 0x0000, 0x0054, 0x0000, 0x0000, 0x0000, 0x0000, 0x0000, 0x0000,
  0x0000, 0x0054, 0x0000, 0x0000, 0x0000, 0x0054, 0x0000, 0x0000, 0x0000, 0x0054, 0x0000, 0x0000, 0x0000, 0x0000, 0x0000, 0x0000,
  0x0000, 0x0054, 0x0000, 0x0000, 0x0000, 0x0054, 0x0000, 0x0000, 0x0000, 0x0054, 0x0000, 0x0000, 0x0000, 0x0000, 0x0000, 0x0000,
  0x0000, 0x0054, 0x0000, 0x0000, 0x0000, 0x0054, 0x0000, 0x0000, 0x0000, 0x0054, 0x0000, 0x0000, 0x0000, 0x0000, 0x0000, 0x0000,
  0x0000, 0x0054, 0x0000, 0x0000, 0x0000, 0x0054, 0x0000, 0x0000, 0x0000, 0x0054, 0x0000, 0x0000, 0x0000, 0x0000, 0x0000, 0x0000,
  0x0000, 0x0054, 0x0000, 0x0000, 0x0000, 0x0054, 0x0000, 0x0000, 0x0000, 0x0054, 0x0000, 0x0000, 0x0000, 0x0000, 0x0000, 0x0000,
  0x0000, 0x0054, 0x0000, 0x0000, 0x0000, 0x0054, 0x0000, 0x0000, 0x0000, 0x0054, 0x0000, 0x0000, 0x0000, 0x0000, 0x0000, 0x0000,
  0x0000, 0x0054, 0x0000, 0x0000, 0x0000, 0x0054, 0x0000, 0x0000, 0x0000, 0x0054, 0x0000, 0x0000, 0x0000, 0x0000, 0x0000, 0x0000,
  0x0000, 0x0054, 0x0000, 0x0000, 0x0000, 0x0054, 0x0000, 0x0000, 0x0000, 0x0054, 0x0000, 0x0000, 0x0000, 0x0000, 0x0000, 0x0000,
  0x0000, 0x0054, 0x0000, 0x0000, 0x0000, 0x0054, 0x0000, 0x0000, 0x0000, 0x0054, 0x0000, 0x0000, 0x0000, 0x0000, 0x0000, 0x0000,
  0x0000, 0x0054, 0x0000, 0x0000, 0x0000, 0x0054, 0x0000, 0x0000, 0x0000, 0x0054, 0x0000, 0x0000, 0x0000, 0x0000, 0x0000, 0x0000,
  0x0000, 0x0054, 0x0000, 0x0000, 0x0000, 0x0054, 0x0000, 0x0000, 0x0000, 0x0054, 0x0000, 0x0000, 0x0000, 0x0000, 0x0000, 0x0000,
  0x0000, 0x0054, 0x0000, 0x0000, 0x0000, 0x0054, 0x0000, 0x0000, 0x0000, 0x0054, 0x0000, 0x0000, 0x0000, 0x0000, 0x0000, 0x0000,
  0x0000, 0x0054, 0x0000, 0x0000, 0x0000, 0x0054, 0x0000, 0x0000, 0x0000, 0x0054, 0x0000, 0x0000, 0x0000, 0x0000, 0x0000, 0x0000,
  0x0000, 0x0054, 0x0000, 0x0000, 0x0000, 0x0054, 0x0000, 0x0000, 0x0000, 0x0054, 0x0000, 0x0000, 0x0000, 0x0000, 0x0000, 0x0000,
  0x0000, 0x0054, 0x0000, 0x0000, 0x0000, 0x0054, 0x0000, 0x0000, 0x0000, 0x0054, 0x0000, 0x0000, 0x0000, 0x0000, 0x0000, 0x0000,
  0x0000, 0x0054, 0x0000, 0x0000, 0x0000, 0x0054, 0x0000, 0x0000, 0x0000, 0x0054, 0x0000, 0x0000, 0x0000, 0x0000, 0x0000, 0x0000,
  0x0000, 0x0054, 0x0000, 0x0000, 0x0000, 0x0054, 0x0000, 0x0000, 0x0000, 0x0054, 0x0000, 0x0000, 0x0000, 0x0000, 0x0000, 0x0000,
  0x0000, 0x0054, 0x0000, 0x0000, 0x0000, 0x0054, 0x0000, 0x0000, 0x0000, 0x0054, 0x0000, 0x0000, 0x0000, 0x0000, 0x0000, 0x0000,
  0x0000, 0x0054, 0x0000, 0x0000, 0x0000, 0x0054, 0x0000, 0x0000, 0x0000, 0x0054, 0x0000, 0x0000, 0x0000, 0x0000, 0x0000, 0x0000,
  0x0000, 0x0054, 0x0000, 0x0000, 0x0000, 0x0054, 0x0000, 0x0000, 0x0000, 0x0054, 0x0000, 0x0000, 0x0000, 0x0000, 0x0000, 0x0000,
  0x0000, 0x0054, 0x0000, 0x0000, 0x0000, 0x0054, 0x0000, 0x0000, 0x0000, 0x0054, 0x0000, 0x0000, 0x0000, 0x0000, 0x0000, 0x0000,
  0x0000, 0x0054, 0x0000, 0x0000, 0x0000, 0x0054, 0x0000, 0x0000, 0x0000, 0x0054, 0x0000, 0x0000, 0x0000, 0x0000, 0x0000, 0x0000,
  0x0000, 0x0054, 0x0000, 0x0000, 0x0000, 0x0054, 0x0000, 0x0000, 0x0000, 0x0054, 0x0000, 0x0000, 0x0000, 0x0000, 0x0000, 0x0000,
  0x0000, 0x0054, 0x0000, 0x0000, 0x0000, 0x0054, 0x0000, 0x0000, 0x0000, 0x0054, 0x0000, 0x0000, 0x0000, 0x0000, 0x0000, 0x0000,
  0x0000, 0x0054, 0x0000, 0x0000, 0x0000, 0x0054, 0x0000, 0x0000, 0x0000, 0x0054, 0x0000, 0x0000, 0x0000, 0x0000, 0x0000, 0x0000,
  0x0000, 0x0054, 0x0000, 0x0000, 0x0000, 0x0054, 0x0000, 0x0000, 0x0000, 0x0054, 0x0000, 0x0000, 0x0000, 0x0000, 0x0000, 0x0000,
  0x0000, 0x0054, 0x0000, 0x0000, 0x0000, 0x0054, 0x0000, 0x0000, 0x0000, 0x0054, 0x0000, 0x0000, 0x0000, 0x0000, 0x0000, 0x0000,
  0x0000, 0x0054, 0x0000, 0x0000, 0x0000, 0x0054, 0x0000, 0x0000, 0x0000, 0x0054, 0x0000, 0x0000, 0x0000, 0x0000, 0x0000, 0x0000,
  0x0000, 0x0054, 0x0000, 0x0000, 0x0000, 0x0054, 0x0000, 0x0000, 0x0000, 0x0054, 0x0000, 0x0000, 0x0000, 0x0000, 0x0000, 0x0000,
  0x0000, 0x0054, 0x0000, 0x0000, 0x0000, 0x0054, 0x0000, 0x0000, 0x0000, 0x0054, 0x0000, 0x0000, 0x0000, 0x0000, 0x0000, 0x0000,
  0x0000, 0x0054, 0x0000, 0x0000, 0x0000, 0x0054, 0x0000, 0x0000, 0x0000, 0x0054, 0x0000, 0x0000, 0x0000, 0x0000, 0x0000, 0x0000,
  0x0000, 0x0054, 0x0000, 0x0000, 0x0000, 0x0054, 0x0000, 0x0000, 0x0000, 0x0054, 0x0000, 0x0000, 0x0000, 0x0000, 0x0000, 0x0000,
  0x0000, 0x0054, 0x0000, 0x0000, 0x0000, 0x0054, 0x0000, 0x0000, 0x0000, 0x0054, 0x0000, 0x0000, 0x0000, 0x0000, 0x0000, 0x0000,
  0x0000, 0x0054, 0x0000, 0x0000, 0x0000, 0x0054, 0x0000, 0x0000, 0x0000, 0x0054, 0x0000, 0x0000, 0x0000, 0x0000, 0x0000, 0x0000,
  0x0000, 0x0054, 0x0000, 0x0000, 0x0000, 0x0054, 0x0000, 0x0000, 0x0000, 0x0054, 0x0000, 0x0000, 0x0000, 0x0000, 0x0000, 0x0000,
  0x0000, 0x0054, 0x0000, 0x0000, 0x0000, 0x0054, 0x0000, 0x0000, 0x0000, 0x0054, 0x0000, 0x0000, 0x0000, 0x0000, 0x0000, 0x0000,
  0x0000, 0x0054, 0x0000, 0x0000, 0x0000, 0x0054, 0x0000, 0x0000, 0x0000, 0x0054, 0x0000, 0x0000, 0x0000, 0x0000, 0x0000, 0x0000,
  0x0000, 0x0054, 0x0000, 0x0000, 0x0000, 0x0054, 0x0000, 0x0000, 0x0000, 0x0054, 0x0000, 0x0000, 0x0000, 0x0000, 0x0000, 0x0000,
  0x0000, 0x0054, 0x0000, 0x0000, 0x0000, 0x0054, 0x0000, 0x0000, 0x0000, 0x0054, 0x0000, 0x0000, 0x0000, 0x0000, 0x0000, 0x0000,
  0x0000, 0x0054, 0x0000, 0x0000, 0x0000, 0x0054, 0x0000, 0x0000, 0x0000, 0x0054, 0x0000, 0x0000, 0x0000, 0x0000, 0x0000, 0x0000,
  0x0000, 0x0054, 0x0000, 0x0000, 0x0000, 0x0054, 0x0000, 0x0000, 0x0000, 0x0054, 0x0000, 0x0000, 0x0000, 0x0000, 0x0000, 0x0000,
  0x0000, 0x0054, 0x0000, 0x0000, 0x0000, 0x0054, 0x0000, 0x0000, 0x0000, 0x0054, 0x0000, 0x0000, 0x0000, 0x0000, 0x0000, 0x0000,
  0x0000, 0x0054, 0x0000, 0x0000, 0x0000, 0x0054, 0x0000, 0x0000, 0x0000, 0x0054, 0x0000, 0x0000, 0x0000, 0x0000, 0x0000, 0x0000,
  0x0000, 0x0054, 0x0000, 0x0000, 0x0000, 0x0054, 0x0000, 0x0000, 0x0000, 0x0054, 0x0000, 0x0000, 0x0000, 0x0000, 0x0000, 0x0000,
  0x0000, 0x0054, 0x0000, 0x0000, 0x0000, 0x0054, 0x0000, 0x0000, 0x0000, 0x0054, 0x0000, 0x0000, 0x0000, 0x0000, 0x0000, 0x0000,
  0x0000, 0x0054, 0x0000, 0x0000, 0x0000, 0x0054, 0x0000, 0x0000, 0x0000, 0x0054, 0x0000, 0x0000, 0x0000, 0x0000, 0x0000, 0x0000,
  0x0000, 0x0054, 0x0000, 0x0000, 0x0000, 0x0054, 0x0000, 0x0000, 0x0000, 0x0054, 0x0000, 0x0000, 0x0000, 0x0000, 0x0000, 0x0000,
  0x0000, 0x0054, 0x0000, 0x0000, 0x0000, 0x0054, 0x0000, 0x0000, 0x0000, 0x0054, 0x0000, 0x0000, 0x0000, 0x0000, 0x0000, 0x0000,
  0x0000, 0x0054, 0x0000, 0x0000, 0x0000, 0x0054, 0x0000, 0x0000, 0x0000, 0x0054, 0x0000, 0x0000, 0x0000, 0x0000, 0x0000, 0x0000,
  0x0000, 0x0054, 0x0000, 0x0000, 0x0000, 0x0054, 0x0000, 0x0000, 0x0000, 0x0054, 0x0000, 0x0000, 0x0000, 0x0000, 0x0000, 0x0000,
  0x0000, 0x0054, 0x0000, 0x0000, 0x0000, 0x0054, 0x0000, 0x0000, 0x0000, 0x0054, 0x0000, 0x0000, 0x0000, 0x0000, 0x0000, 0x0000,
  0x0000, 0x0054, 0x0000, 0x0000, 0x0000, 0x0054, 0x0000, 0x0000, 0x0000, 0x0054, 0x0000, 0x0000, 0x0000, 0x0000, 0x0000, 0x0000,
  0x0000, 0x0054, 0x0000, 0x0000, 0x0000, 0x0054, 0x0000, 0x0000, 0x0000, 0x0054, 0x0000, 0x0000, 0x0000, 0x0000, 0x0000, 0x0000,
  0x0000, 0x0054, 0x0000, 0x0000, 0x0000, 0x0054, 0x0000, 0x0000, 0x0000, 0x0054, 0x0000, 0x0000, 0x0000, 0x0000, 0x0000, 0x0000,
  0x0000, 0x0054, 0x0000, 0x0000, 0x0000, 0x0054, 0x0000, 0x0000, 0x0000, 0x0054, 0x0000, 0x0000, 0x0000, 0x0000, 0x0000, 0x0000,
  0x0000, 0x0054, 0x0000, 0x0000, 0x0000, 0x0054, 0x0000, 0x0000, 0x0000, 0x0054, 0x0000, 0x0000, 0x0000, 0x0000, 0x0000, 0x0000,
  0x0000, 0x0054, 0x0000, 0x0000, 0x0000, 0x0054, 0x0000, 0x0000, 0x0000, 0x0054, 0x0000, 0x0000, 0x0000, 0x0000, 0x0000, 0x0000,
  0x0000, 0x0054, 0x0000, 0x0000, 0x0000, 0x0054, 0x0000, 0x0000, 0x0000, 0x0054, 0x0000, 0x0000, 0x0000, 0x0000, 0x0000, 0x0000,
  0x0000, 0x0054, 0x0000, 0x0000, 0x0000, 0x0054, 0x0000, 0x0000, 0x0000, 0x0054, 0x0000, 0x0000, 0x0000, 0x0000, 0x0000, 0x0000,
  0x0000, 0x0054, 0x0000, 0x0000, 0x0000, 0x0054, 0x0000, 0x0000, 0x0000, 0x0054, 0x0000, 0x0000, 0x0000, 0x0000, 0x0000, 0x0000,
  0x0000, 0x0054, 0x0000, 0x0000, 0x0000, 0x0054, 0x0000, 0x0000, 0x0000, 0x0054, 0x0000, 0x0000, 0x0000, 0x0000, 0x0000, 0x0000,
  0x0000, 0x0054, 0x0000, 0x0000, 0x0000, 0x0054, 0x0000, 0x0000, 0x0000, 0x0054, 0x0000, 0x0000, 0x0000, 0x0000, 0x0000, 0x0000,
  0x0000, 0x0054, 0x0000, 0x0000, 0x0000, 0x0054, 0x0000, 0x0000, 0x0000, 0x0054, 0x0000, 0x0000, 0x0000, 0x0000, 0x0000, 0x0000,
  0x0000, 0x0054, 0x0000, 0x0000, 0x0000, 0x0054, 0x0000, 0x0000, 0x0000, 0x0054, 0x0000, 0x0000, 0x0000, 0x0000, 0x0000, 0x0000,
  0x0000, 0x0054, 0x0000, 0x0000, 0x0000, 0x0054, 0x0000, 0x0000, 0x0000, 0x0054, 0x0000, 0x0000, 0x0000, 0x0000, 0x0000, 0x0000,
  0x0000, 0x0054, 0x0000, 0x0000, 0x0000, 0x0054, 0x0000, 0x0000, 0x0000, 0x0054, 0x0000, 0x0000, 0x0000, 0x0000, 0x0000, 0x0000,
  0x0000, 0x0054, 0x0000, 0x0000, 0x0000, 0x0054, 0x0000, 0x0000, 0x0000, 0x0054, 0x0000, 0x0000, 0x0000, 0x0000, 0x0000, 0x0000,
  0x0000, 0x0054, 0x0000, 0x0000, 0x0000, 0x0054, 0x0000, 0x0000, 0x0000, 0x0054, 0x0000, 0x0000, 0x0000, 0x0000, 0x0000, 0x0000,
  0x0000, 0x0054, 0x0000, 0x0000, 0x0000, 0x0054, 0x0000, 0x0000, 0x0000, 0x0054, 0x0000, 0x0000, 0x0000, 0x0000, 0x0000, 0x0000,
  0x0000, 0x0054, 0x0000, 0x0000, 0x0000, 0x0054, 0x0000, 0x0000, 0x0000, 0x0054, 0x0000, 0x0000, 0x0000, 0x0000, 0x0000, 0x0000,
  0x0000, 0x0054, 0x0000, 0x0000, 0x0000, 0x0054, 0x0000, 0x0000, 0x0000, 0x0054, 0x0000, 0x0000, 0x0000, 0x0000, 0x0000, 0x0000,
  0x0000, 0x0054, 0x0000, 0x0000, 0x0000, 0x0054, 0x0000, 0x0000, 0x0000, 0x0054, 0x0000, 0x0000, 0x0000, 0x0000, 0x0000, 0x0000,
  0x0000, 0x0054, 0x0000, 0x0000, 0x0000, 0x0054, 0x0000, 0x0000, 0x0000, 0x0054, 0x0000, 0x0000, 0x0000, 0x0000, 0x0000, 0x0000,
  0x0000, 0x0054, 0x0000, 0x0000, 0x0000, 0x0054, 0x0000, 0x0000, 0x0000, 0x0054, 0x0000, 0x0000, 0x0000, 0x0000, 0x0000, 0x0000,
  0x0000, 0x0054, 0x0000, 0x0000, 0x0000, 0x0054, 0x0000, 0x0000, 0x0000, 0x0054, 0x0000, 0x0000, 0x0000, 0x0000, 0x0000, 0x0000,
  0x0000, 0x0054, 0x0000, 0x0000, 0x0000, 0x0054, 0x0000, 0x0000, 0x0000, 0x0054, 0x0000, 0x0000, 0x0000, 0x0000, 0x0000, 0x0000,
  0x0000, 0x0054, 0x0000, 0x0000, 0x0000, 0x0054, 0x0000, 0x0000, 0x0000, 0x0054, 0x0000, 0x0000, 0x0000, 0x0000, 0x0000, 0x0000,
  0x0000, 0x0054, 0x0000, 0x0000, 0x0000, 0x0054, 0x0000, 0x0000, 0x0000, 0x0054, 0x0000, 0x0000, 0x0000, 0x0000, 0x0000, 0x0000,
  0x0000, 0x0054, 0x0000, 0x0000, 0x0000, 0x0054, 0x0000, 0x0000, 0x0000, 0x0054, 0x0000, 0x0000, 0x0000, 0x0000, 0x0000, 0x0000,
  0x0000, 0x0054, 0x0000, 0x0000, 0x0000, 0x0054, 0x0000, 0x0000, 0x0000, 0x0054, 0x0000, 0x0000, 0x0000, 0x0000, 0x0000, 0x0000,
  0x0000, 0x0054, 0x0000, 0x0000, 0x0000, 0x0054, 0x0000, 0x0000, 0x0000, 0x0054, 0x0000, 0x0000, 0x0000, 0x0000, 0x0000, 0x0000,
  0x0000, 0x0054, 0x0000, 0x0000, 0x0000, 0x0054, 0x0000, 0x0000, 0x0000, 0x0054, 0x0000, 0x0000, 0x0000, 0x0000, 0x0000, 0x0000,
  0x0000, 0x0054, 0x0000, 0x0000, 0x0000, 0x0054, 0x0000, 0x0000, 0x0000, 0x0054, 0x0000, 0x0000, 0x0000, 0x0000, 0x0000, 0x0000,
  0x0000, 0x0054, 0x0000, 0x0000, 0x0000, 0x0054, 0x0000, 0x0000, 0x0000, 0x0054, 0x0000, 0x0000, 0x0000, 0x0000, 0x0000, 0x0000,
  0x0000, 0x0054, 0x0000, 0x0000, 0x0000, 0x0054, 0x0000, 0x0000, 0x0000, 0x0054, 0x0000, 0x0000, 0x0000, 0x0000, 0x0000, 0x0000,
  0x0000, 0x0054, 0x0000, 0x0000, 0x0000, 0x0054, 0x0000, 0x0000, 0x0000, 0x0054, 0x0000, 0x0000, 0x0000, 0x0000, 0x0000, 0x0000,
  0x0000, 0x0054, 0x0000, 0x0000, 0x0000, 0x0054, 0x0000, 0x0000, 0x0000, 0x0054, 0x0000, 0x0000, 0x0000, 0x0000, 0x0000, 0x0000,
  0x0000, 0x0054, 0x0000, 0x0000, 0x0000, 0x0054, 0x0000, 0x0000, 0x0000, 0x0054, 0x0000, 0x0000, 0x0000, 0x0000, 0x0000, 0x0000,
  0x0000, 0x0054, 0x0000, 0x0000, 0x0000, 0x0054, 0x0000, 0x0000, 0x0000, 0x0054, 0x0000, 0x0000, 0x0000, 0x0000, 0x0000, 0x0000,
  0x0000, 0x0054, 0x0000, 0x0000, 0x0000, 0x0054, 0x0000, 0x0000, 0x0000, 0x0054, 0x0000, 0x0000, 0x0000, 0x0000, 0x0000, 0x0000,
  0x0000, 0x0054, 0x0000, 0x0000, 0x0000, 0x0054, 0x0000, 0x0000, 0x0000, 0x0054, 0x0000, 0x0000, 0x0000, 0x0000, 0x0000, 0x0000,
  0x0000, 0x0054, 0x0000, 0x0000, 0x0000, 0x0054, 0x0000, 0x0000, 0x0000, 0x0054, 0x0000, 0x0000, 0x0000, 0x0000, 0x0000, 0x0000,
  0x0000, 0x0054, 0x0000, 0x0000, 0x0000, 0x0054, 0x0000, 0x0000, 0x0000, 0x0054, 0x0000, 0x0000, 0x0000, 0x0000, 0x0000, 0x0000,
  0x0000, 0x0054, 0x0000, 0x0000, 0x0000, 0x0054, 0x0000, 0x0000, 0x0000, 0x0054, 0x0000, 0x0000, 0x0000, 0x0000, 0x0000, 0x0000,
  0x0000, 0x0054, 0x0000, 0x0000, 0x0000, 0x0054, 0x0000, 0x0000, 0x0000, 0x0054, 0x0000, 0x0000, 0x0000, 0x0000, 0x0000, 0x0000,
  0x0000, 0x0054, 0x0000, 0x0000, 0x0000, 0x0054, 0x0000, 0x0000, 0x0000, 0x0054, 0x0000, 0x0000, 0x0000, 0x0000, 0x0000, 0x0000,
  0x0000, 0x0054, 0x0000, 0x0000, 0x0000, 0x0054, 0x0000, 0x0000, 0x0000, 0x0054, 0x0000, 0x0000, 0x0000, 0x0000, 0x0000, 0x0000,
  0x0000, 0x0054, 0x0000, 0x0000, 0x0000, 0x0054, 0x0000, 0x0000, 0x0000, 0x0054, 0x0000, 0x0000, 0x0000, 0x0000, 0x0000, 0x0000,
  0x0000, 0x0054, 0x0000, 0x0000, 0x0000, 0x0054, 0x0000, 0x0000, 0x0000, 0x0054, 0x0000, 0x0000, 0x0000, 0x0000, 0x0000, 0x0000,
  0x0000, 0x0054, 0x0000, 0x0000, 0x0000, 0x0054, 0x0000, 0x0000, 0x0000, 0x0054, 0x0000, 0x0000, 0x0000, 0x0000, 0x0000, 0x0000,
  0x0000, 0x0054, 0x0000, 0x0000, 0x0000, 0x0054, 0x0000, 0x0000, 0x0000, 0x0054, 0x0000, 0x0000, 0x0000, 0x0000, 0x0000, 0x0000,
  0x0000, 0x0054, 0x0000, 0x0000, 0x0000, 0x0054, 0x0000, 0x0000, 0x0000, 0x0054, 0x0000, 0x0000, 0x0000, 0x0000, 0x0000, 0x0000,
  0x0000, 0x0054, 0x0000, 0x0000, 0x0000, 0x0054, 0x0000, 0x0000, 0x0000, 0x0054, 0x0000, 0x0000, 0x0000, 0x0000, 0x0000, 0x0000,
  0x0000, 0x0054, 0x0000, 0x0000, 0x0000, 0x0054, 0x0000, 0x0000, 0x0000, 0x0054, 0x0000, 0x0000, 0x0000, 0x0000, 0x0000, 0x0000,
  0x0000, 0x0054, 0x0000, 0x0000, 0x0000, 0x0054, 0x0000, 0x0000, 0x0000, 0x0054, 0x0000, 0x0000, 0x0000, 0x0000, 0x0000, 0x0000,
  0x0000, 0x0054, 0x0000, 0x0000, 0x0000, 0x0054, 0x0000, 0x0000, 0x0000, 0x0054, 0x0000, 0x0000, 0x0000, 0x0000, 0x0000, 0x0000,
  0x0000, 0x0054, 0x0000, 0x0000, 0x0000, 0x0054, 0x0000, 0x0000, 0x0000, 0x0054, 0x0000, 0x0000, 0x0000, 0x0000, 0x0000, 0x0000,
  0x0000, 0x0054, 0x0000, 0x0000, 0x0000, 0x0054, 0x0000, 0x0000, 0x0000, 0x0054, 0x0000, 0x0000, 0x0000, 0x0000, 0x0000, 0x0000,
  0x0000, 0x0054, 0x0000, 0x0000, 0x0000, 0x0054, 0x0000, 0x0000, 0x0000, 0x0054, 0x0000, 0x0000, 0x0000, 0x0000, 0x0000, 0x0000,
  0x0000, 0x0054, 0x0000, 0x0000, 0x0000, 0x0054, 0x0000, 0x0000, 0x0000, 0x0054, 0x0000, 0x0000, 0x0000, 0x0000, 0x0000, 0x0000,
  0x0000, 0x0054, 0x0000, 0x0000, 0x0000, 0x0054, 0x0000, 0x0000, 0x0000, 0x0054, 0x0000, 0x0000, 0x0000, 0x0000, 0x0000, 0x0000,
  0x0000, 0x0054, 0x0000, 0x0000, 0x0000, 0x0054, 0x0000, 0x0000, 0x0000, 0x0054, 0x0000, 0x0000, 0x0000, 0x0000, 0x0000, 0x0000,
  0x0000, 0x0054, 0x0000, 0x0000, 0x0000, 0x0054, 0x0000, 0x0000, 0x0000, 0x0054, 0x0000, 0x0000, 0x0000, 0x0000, 0x0000, 0x0000,
  0x0000, 0x0054, 0x0000, 0x0000, 0x0000, 0x0054, 0x0000, 0x0000, 0x0000, 0x0054, 0x0000, 0x0000, 0x0000, 0x0000, 0x0000, 0x0000,
  0x0000, 0x0054, 0x0000, 0x0000, 0x0000, 0x0054, 0x0000, 0x0000, 0x0000, 0x0054, 0x0000, 0x0000, 0x0000, 0x0000, 0x0000, 0x0000,
  0x0000, 0x0054, 0x0000, 0x0000, 0x0000, 0x0054, 0x0000, 0x0000, 0x0000, 0x0054, 0x0000, 0x0000, 0x0000, 0x0000, 0x0000, 0x0000,
  0x0000, 0x0054, 0x0000, 0x0000, 0x0000, 0x0054, 0x0000, 0x0000, 0x0000, 0x0054, 0x0000, 0x0000, 0x0000, 0x0000, 0x0000, 0x0000,
  0x0000, 0x0054, 0x0000, 0x0000, 0x0000, 0x0054, 0x0000, 0x0000, 0x0000, 0x0054, 0x0000, 0x0000, 0x0000, 0x0000, 0x0000, 0x0000,
  0x0000, 0x0054, 0x0000, 0x0000, 0x0000, 0x0054, 0x0000, 0x0000, 0x0000, 0x0054, 0x0000, 0x0000, 0x0000, 0x0000, 0x0000, 0x0000,
  0x0000, 0x0054, 0x0000, 0x0000, 0x0000, 0x0054, 0x0000, 0x0000, 0x0000, 0x0054, 0x0000, 0x0000, 0x0000, 0x0000, 0x0000, 0x0000,
  0x0000, 0x0054, 0x0000, 0x0000, 0x0000, 0x0054, 0x0000, 0x0000, 0x0000, 0x0054, 0x0000, 0x0000, 0x0000, 0x0000, 0x0000, 0x0000,
  0x0000, 0x0054, 0x0000, 0x0000, 0x0000, 0x0054, 0x0000, 0x0000, 0x0000, 0x0054, 0x0000, 0x0000, 0x0000, 0x0000, 0x0000, 0x0000,
  0x0000, 0x0054, 0x0000, 0x0000, 0x0000, 0x0054, 0x0000, 0x0000, 0x0000, 0x0054, 0x0000, 0x0000, 0x0000, 0x0000, 0x0000, 0x0000,
  0x0000, 0x0054, 0x0000, 0x0000, 0x0000, 0x0054, 0x0000, 0x0000, 0x0000, 0x0054, 0x0000, 0x0000, 0x0000, 0x0000, 0x0000, 0x0000,
  0x0000, 0x0054, 0x0000, 0x0000, 0x0000, 0x0054, 0x0000, 0x0000, 0x0000, 0x0054, 0x0000, 0x0000, 0x0000, 0x0000, 0x0000, 0x0000,
  0x0000, 0x0054, 0x0000, 0x0000, 0x0000, 0x0054, 0x0000, 0x0000, 0x0000, 0x0054, 0x0000, 0x0000, 0x0000, 0x0000, 0x0000, 0x0000,
  0x0000, 0x0054, 0x0000, 0x0000, 0x0000, 0x0054, 0x0000, 0x0000, 0x0000, 0x0054, 0x0000, 0x0000, 0x0000, 0x0000, 0x0000, 0x0000,
  0x0000, 0x0054, 0x0000, 0x0000, 0x0000, 0x0054, 0x0000, 0x0000, 0x0000, 0x0054, 0x0000, 0x0000, 0x0000, 0x0000, 0x0000, 0x0000,
  0x0000, 0x0054, 0x0000, 0x0000, 0x0000, 0x0054, 0x0000, 0x0000, 0x0000, 0x0054, 0x0000, 0x0000, 0x0000, 0x0000, 0x0000, 0x0000,
  0x0000, 0x0054, 0x0000, 0x0000, 0x0000, 0x0054, 0x0000, 0x0000, 0x0000, 0x0054, 0x0000, 0x0000, 0x0000, 0x0000, 0x0000, 0x0000,
  0x0000, 0x0054, 0x0000, 0x0000, 0x0000, 0x0054, 0x0000, 0x0000, 0x0000, 0x0054, 0x0000, 0x0000, 0x0000, 0x0000, 0x0000, 0x0000,
  0x0000, 0x0054, 0x0000, 0x0000, 0x0000, 0x0054, 0x0000, 0x0000, 0x0000, 0x0054, 0x0000, 0x0000, 0x0000, 0x0000, 0x0000, 0x0000,
  0x0000, 0x0054, 0x0000, 0x0000, 0x0000, 0x0054, 0x0000, 0x0000, 0x0000, 0x0054, 0x0000, 0x0000, 0x0000, 0x0000, 0x0000, 0x0000,
  0x0000, 0x0054, 0x0000, 0x0000, 0x0000, 0x0054, 0x0000, 0x0000, 0x0000, 0x0054, 0x0000, 0x0000, 0x0000, 0x0000, 0x0000, 0x0000,
  0x0000, 0x0054, 0x0000, 0x0000, 0x0000, 0x0054, 0x0000, 0x0000, 0x0000, 0x0054, 0x0000, 0x0000, 0x0000, 0x0000, 0x0000, 0x0000,
  0x0000, 0x0054, 0x0000, 0x0000, 0x0000, 0x0054, 0x0000, 0x0000, 0x0000, 0x0054, 0x0000, 0x0000, 0x0000, 0x0000, 0x0000, 0x0000,
  0x0000, 0x0054, 0x0000, 0x0000, 0x0000, 0x0054, 0x0000, 0x0000, 0x0000, 0x0054, 0x0000, 0x0000, 0x0000, 0x0000, 0x0000, 0x0000,
  0x0000, 0x0054, 0x0000, 0x0000, 0x0000, 0x0054, 0x0000, 0x0000, 0x0000, 0x0054, 0x0000, 0x0000, 0x0000, 0x0000, 0x0000, 0x0000,
  0x0000, 0x0054, 0x0000, 0x0000, 0x0000, 0x0054, 0x0000, 0x0000, 0x0000, 0x0054, 0x0000, 0x0000, 0x0000, 0x0000, 0x0000, 0x0000,
  0x0000, 0x0054, 0x0000, 0x0000, 0x0000, 0x0054, 0x0000, 0x0000, 0x0000, 0x0054, 0x0000, 0x0000, 0x0000, 0x0000, 0x0000, 0x0000,
  0x0000, 0x0054, 0x0000, 0x0000, 0x0000, 0x0054, 0x0000, 0x0000, 0x0000, 0x0054, 0x0000, 0x0000, 0x0000, 0x0000, 0x0000, 0x0000,
  0x0000, 0x0054, 0x0000, 0x0000, 0x0000, 0x0054, 0x0000, 0x0000, 0x0000, 0x0054, 0x0000, 0x0000, 0x0000, 0x0000, 0x0000, 0x0000,
  0x0000, 0x0054, 0x0000, 0x0000, 0x0000, 0x0054, 0x0000, 0x0000, 0x0000, 0x0054, 0x0000, 0x0000, 0x0000, 0x0000, 0x0000, 0x0000,
  0x0000, 0x0054, 0x0000, 0x0000, 0x0000, 0x0054, 0x0000, 0x0000, 0x0000, 0x0054, 0x0000, 0x0000, 0x0000, 0x0000, 0x0000, 0x0000,
  0x0000, 0x0054, 0x0000, 0x0000, 0x0000, 0x0054, 0x0000, 0x0000, 0x0000, 0x0054, 0x0000, 0x0000, 0x0000, 0x0000, 0x0000, 0x0000,
  0x0000, 0x0054, 0x0000, 0x0000, 0x0000, 0x0054, 0x0000, 0x0000, 0x0000, 0x0054, 0x0000, 0x0000, 0x0000, 0x0000, 0x0000, 0x0000,
  0x0000, 0x0054, 0x0000, 0x0000, 0x0000, 0x0054, 0x0000, 0x0000, 0x0000, 0x0054, 0x0000, 0x0000, 0x0000, 0x0000, 0x0000, 0x0000,
  0x0000, 0x0054, 0x0000, 0x0000, 0x0000, 0x0054, 0x0000, 0x0000, 0x0000, 0x0054, 0x0000, 0x0000, 0x0000, 0x0000, 0x0000, 0x0000,
  0x0000, 0x0054, 0x0000, 0x0000, 0x0000, 0x0054, 0x0000, 0x0000, 0x0000, 0x0054, 0x0000, 0x0000, 0x0000, 0x0000, 0x0000, 0x0000,
]);

export class FontTDV2200 extends FontBase {
  constructor() {
    super();
    this.height = 16;
    this.heightToUse = 14;
    this.width = 8;
    this.stretchY = 1;
    this.includeBlankSpace = true;
    this.fontNumOffset = [0, 0, 128, 256, 384];
    this.mapSpaceChar = 0;
    this.glyphs = GLYPHS;
  }

  /**
   * Override getFontBits to handle ISO 646 national variant character sets.
   * fontNum 5 = Norwegian, 6 = Swedish, 7 = German.
   * Variant positions redirect to accented glyphs at ROM positions 0-31
   * (and positions 512-513 for German § and ß).
   * Non-variant positions fall through to International (fontNum 0).
   */
  override getFontBits(fontValue: number, fontNum: number): Uint16Array | null {
    if (fontNum >= 5 && fontNum <= 7) {
      const redirectMap =
        fontNum === 5 ? NORWEGIAN_REDIRECT :
        fontNum === 6 ? SWEDISH_REDIRECT :
        GERMAN_REDIRECT;
      const redirectPos = redirectMap[fontValue];
      if (redirectPos !== undefined) {
        return super.getFontBits(redirectPos, 0);
      }
      // Non-variant position: use International glyph
      return super.getFontBits(fontValue, 0);
    }
    return super.getFontBits(fontValue, fontNum);
  }
}
